"Name","Pos","Inn","rSB","rGDP","rARM","rGFP","rPM","DRS","BIZ","Plays","RZR","OOZ","CPP","RPP","TZL","FSR","ARM","DPR","RngR","ErrR","UZR","UZR/150","Def","playerid"
"Brandon Phillips","2B","13849.2","","-13","","12","51","50","3839","3150",".821","435","","","","104","","-7.5","58.2","24.7","75.4","7.5","99.1","791"
"Zack Cozart","SS","6207.2","","-5","","1","60","56","1630","1337",".820","352","","","","32","","-0.5","36.4","10.1","45.9","10.6","77.8","2616"
"Billy Hamilton","CF","4337.2","","","14","11","22","47","977","927",".949","281","","","","20","16.7","","36.4","3.1","56.2","17.1","63.6","10199"
"Ryan Hanigan","C","3599.1","8","","","1","","21","","","","","154","11.8","","29","","","","","","","50.6","4952"
"Jason LaRue","C","4217.2","4","","","4","","18","","","","","","","","","","","","","","","40.2","337"
"Tucker Barnhart","C","2588.0","14","","","7","","20","","","","","10","-0.9","","9","","","","","","","35.3","10200"
"Todd Frazier","3B","4472.0","","-1","","1","24","22","896","653",".729","175","","","","10","","-0.2","23.3","2.1","25.1","8.6","32.8","785"
"Paul Janish","SS","1956.1","","-2","","4","19","21","610","521",".854","76","","","","15","","-0.9","11.9","5.5","16.6","11.0","26.7","7412"
"David Ross","C","1832.2","8","","","-8","","4","","","","","24","2.5","","","","","","","","","26.2","1551"
"Scott Rolen","3B","2680.0","","0","","4","21","27","630","466",".740","90","","","","28","","-1.0","9.4","11.0","19.4","9.8","24.0","970"
"D'Angelo Jimenez","2B","2114.0","","-4","","-1","19","14","519","450",".867","70","","","","","","-1.5","11.4","4.8","14.7","10.1","18.3","1038"
"Ramon Hernandez","C","1841.0","-2","","","-1","","-14","","","","","93","4.5","","0","","","","","","","18.2","918"
"Devin Mesoraco","C","2731.0","-10","","","3","","-7","","","","","107","4.8","","3","","","","","","","18.2","5666"
"Drew Stubbs","CF","4034.2","","","8","-1","-7","0","980","912",".931","217","","","","14","14.3","","-2.5","-1.2","10.6","3.7","17.5","9328"
"Alex Gonzalez","SS","1460.0","","2","","0","2","4","403","337",".836","50","","","","-3","","1.9","10.6","-3.2","9.3","9.1","16.8","520"
"Ryan Freel","CF","1533.1","","","9","3","-7","5","444","375",".845","88","","","","","11.7","","-2.2","1.4","11.0","8.2","13.6","1207"
"Javier Valentin","C","1770.0","-1","","","-4","","-9","","","","","4","-0.7","","","","","","","","","13.5","759"
"Juan Castro","SS","695.2","","2","","1","12","15","135","115",".852","39","","","","","","1.4","5.9","2.2","9.5","19.3","13.1","315"
"Wily Mo Pena","CF","776.1","","","1","1","-2","0","236","185",".784","46","","","","","2.1","","10.0","-1.0","11.0","17.0","12.4","344"
"Ryan Freel","RF","705.2","","","7","0","8","15","214","167",".780","31","","","","","7.2","","9.4","-0.9","15.7","26.1","12.0","1207"
"Eugenio Suarez","3B","2611.2","","1","","1","3","6","586","415",".708","92","","","","-7","","0.4","5.8","0.3","6.5","3.4","11.0","12552"
"Willy Taveras","CF","839.0","","","3","-1","1","3","217","201",".926","65","","","","-7","4.3","","4.6","0.0","9.0","15.0","10.4","1876"
"Chris Dickerson","CF","253.0","","","-1","0","6","5","61","60",".984","18","","","","0","1.4","","7.3","0.3","9.1","48.8","9.5","7095"
"Corky Miller","C","945.0","0","","","2","","4","","","","","16","1.3","","1","","","","","","","9.4","342"
"Chris Heisey","LF","1583.2","","","-4","-3","15","8","254","233",".917","125","","","","5","-1.8","","17.6","0.3","16.0","13.1","7.8","3978"
"Juan Castro","2B","594.2","","-1","","0","14","13","124","113",".911","39","","","","","","-0.9","7.7","-0.4","6.5","14.9","7.5","315"
"Orlando Cabrera","SS","1030.2","","0","","-2","1","-1","282","232",".823","29","","","","-8","","1.0","-2.1","3.1","1.9","2.8","7.2","766"
"Paul Bako","C","770.2","-2","","","0","","-4","","","","","41","2.3","","","","","","","","","6.9","676"
"Chris Denorfia","RF","134.2","","","2","0","4","6","41","39",".951","4","","","","","1.8","","5.3","0.3","7.4","67.5","6.7","4400"
"Miguel Cairo","2B","155.1","","0","","-1","5","4","50","45",".900","6","","","","-1","","0.1","5.1","0.5","5.7","47.3","6.0","1412"
"Aaron Boone","3B","1993.0","","0","","0","3","2","190","129",".679","22","","","","","","-0.3","4.8","-1.9","2.5","1.7","6.0","311"
"Austin Kearns","RF","3283.1","","","4","3","8","15","793","584",".736","60","","","","","6.1","","13.9","2.5","22.4","8.2","5.5","332"
"Laynce Nix","LF","827.0","","","4","-2","13","15","128","123",".961","47","","","","2","1.2","","7.6","1.0","9.8","16.6","5.5","1766"
"Chris Heisey","RF","480.2","","","0","1","10","11","76","70",".921","37","","","","0","-0.8","","8.4","0.0","7.7","22.9","5.2","3978"
"Norris Hopper","LF","149.1","","","0","0","1","1","32","31",".969","12","","","","","1.6","","3.7","0.3","5.6","42.5","4.8","2450"
"Darren Bragg","CF","108.2","","","1","0","3","4","28","26",".929","4","","","","","0.3","","4.4","-0.1","4.6","47.2","4.8","83"
"Chris Heisey","CF","683.1","","","0","2","-3","-1","158","148",".937","41","","","","-1","-1.4","","4.4","0.6","3.6","6.5","4.8","3978"
"Kelly Stinnett","C","655.2","-1","","","0","","-2","","","","","","","","","","","","","","","4.6","356"
"Rich Aurilia","2B","588.1","","0","","1","0","1","153","134",".876","23","","","","","","0.1","3.8","-0.3","3.6","8.8","4.6","1106"
"Jason Ellison","RF","82.0","","","1","0","2","3","21","20",".952","6","","","","","1.0","","3.7","0.2","4.9","86.1","4.5","1704"
"Brayan Pena","C","1131.2","-5","","","-1","","-1","","","","","11","-0.3","","-5","","","","","","","4.4","3231"
"Darren Bragg","RF","71.0","","","1","0","1","2","27","16",".593","1","","","","","1.6","","3.0","0.1","4.7","107.1","4.3","83"
"Adam Duvall","LF","2570.2","","","7","2","14","23","425","399",".939","162","","","","2","6.2","","13.1","-1.8","17.4","8.9","4.2","10950"
"Jay Bruce","CF","285.1","","","3","0","3","6","61","58",".951","19","","","","0","1.6","","2.3","-0.3","3.6","16.6","4.1","9892"
"Ryan Freel","3B","716.2","","0","","-2","10","6","174","128",".736","49","","","","","","0.9","4.1","-2.2","2.8","4.8","4.1","1207"
"Norris Hopper","CF","468.1","","","2","-1","-1","0","139","126",".907","19","","","","","-0.3","","2.9","0.5","3.1","8.4","3.9","2450"
"Ramon Cabrera","C","437.1","0","","","0","","1","","","","","","","","-3","","","","","","","3.7","10327"
"Jose Peraza","2B","674.2","","1","","1","0","2","166","133",".801","33","","","","0","","1.7","0.0","0.8","2.6","5.5","3.7","13593"
"Brandon Larson","LF","82.0","","","0","0","0","0","14","7",".500","2","","","","","1.7","","2.3","0.2","4.2","54.7","3.7","336"
"Laynce Nix","RF","83.1","","","0","0","2","2","15","15","1.000","4","","","","0","0.8","","3.0","0.1","3.9","83.1","3.5","1766"
"Barry Larkin","SS","2244.2","","-2","","1","-11","-12","328","274",".835","51","","","","","","-3.0","-9.9","4.8","-8.1","-4.5","3.5","335"
"Edgar Renteria","SS","628.0","","-1","","0","3","2","195","161",".826","30","","","","-8","","-0.6","2.7","-1.9","0.2","0.5","3.4","1178"
"Ivan De Jesus","2B","244.0","","0","","-2","2","0","72","58",".806","15","","","","-1","","-0.2","1.7","1.4","2.9","15.2","3.3","9886"
"Kristopher Negron","2B","163.0","","0","","1","4","5","50","43",".860","7","","","","0","","0.3","1.8","0.9","3.0","23.2","3.3","5306"
"Jose Peraza","SS","672.1","","-2","","-3","-5","-10","171","130",".760","44","","","","-1","","-1.4","1.1","-0.2","-0.5","-0.9","3.0","13593"
"Todd Frazier","LF","73.1","","","1","0","3","4","11","10",".909","5","","","","0","0.7","","2.5","0.1","3.3","71.0","2.9","785"
"Reggie Taylor","CF","737.0","","","0","0","0","0","89","71",".798","7","","","","","-0.8","","3.3","-1.1","1.5","2.7","2.8","358"
"Dernell Stenson","LF","131.1","","","-1","0","0","-1","32","20",".625","3","","","","","-1.1","","4.5","-0.1","3.4","25.7","2.7","215"
"Dave Sappelt","LF","194.2","","","0","0","2","2","31","30",".968","14","","","","1","0.0","","3.2","0.3","3.5","23.8","2.5","6898"
"Craig Tatum","C","173.0","0","","","2","","2","","","","","8","0.7","","0","","","","","","","2.2","7468"
"Ivan De Jesus","SS","295.2","","0","","1","-1","0","90","73",".811","14","","","","-4","","-0.7","0.8","0.6","0.7","3.6","2.2","9886"
"Arismendy Alcantara","CF","38.0","","","1","0","1","2","11","11","1.000","3","","","","","1.3","","0.8","0.1","2.1","88.9","2.2","10711"
"Ramon Santiago","SS","145.1","","0","","0","0","0","51","38",".745","7","","","","-1","","0.0","0.0","1.4","1.4","11.1","2.2","1417"
"Ryan Freel","2B","663.2","","-4","","1","4","1","174","153",".879","21","","","","","","-2.3","3.7","-0.4","1.0","2.9","2.1","1207"
"Jason Ellison","LF","30.0","","","0","0","1","1","9","9","1.000","1","","","","","-0.1","","2.3","0.1","2.2","81.2","2.1","1704"
"Norris Hopper","RF","177.2","","","2","1","4","7","51","49",".961","9","","","","","0.9","","1.5","0.5","2.9","17.5","2.0","2450"
"Jerry Hairston","LF","143.1","","","0","0","-1","-1","28","28","1.000","6","","","","0","0.2","","2.3","0.3","2.8","25.3","2.0","144"
"Austin Kearns","LF","84.2","","","0","0","0","0","0","0","","0","","","","","0.8","","1.4","0.2","2.4","42.2","2.0","332"
"Jason Ellison","CF","11.0","","","0","0","1","1","6","6","1.000","2","","","","","0.1","","1.8","0.0","1.9","150.6","1.9","1704"
"Felipe Lopez","3B","240.2","","0","","0","3","3","53","40",".755","9","","","","","","-0.5","3.3","-1.3","1.5","3.8","1.9","1311"
"Jerry Hairston","CF","133.2","","","0","0","1","1","29","26",".897","6","","","","0","-0.1","","1.9","-0.2","1.6","23.0","1.9","144"
"Adam Rosales","SS","33.0","","0","","0","2","2","10","9",".900","1","","","","0","","0.1","1.3","0.3","1.7","63.8","1.8","9682"
"Eric Valent","RF","71.0","","","0","0","1","1","10","9",".900","2","","","","","-1.3","","3.4","0.1","2.2","59.8","1.8","1629"
"Chris Valaika","2B","81.2","","0","","-1","2","1","17","15",".882","4","","","","","","0.5","0.7","0.4","1.6","29.0","1.7","1165"
"Cesar Izturis","2B","107.2","","0","","0","3","3","36","27",".750","3","","","","0","","0.4","0.6","0.5","1.5","18.0","1.7","656"
"Jolbert Cabrera","SS","60.1","","0","","0","1","1","11","10",".909","4","","","","","","0.1","0.9","0.4","1.4","38.4","1.7","373"
"Kristopher Negron","SS","90.1","","-1","","0","0","-1","27","24",".889","8","","","","0","","-0.6","1.7","0.1","1.2","20.6","1.7","5306"
"Roger Bernadina","LF","33.0","","","0","0","2","2","4","4","1.000","2","","","","0","-0.2","","1.9","0.0","1.7","130.8","1.6","6421"
"Chris Valaika","3B","33.0","","0","","0","1","1","12","11",".917","2","","","","","","-0.1","1.0","0.5","1.5","37.6","1.5","1165"
"Stuart Turner","C","177.1","0","","","-2","","-3","","","","","","","","","","","","","","","1.5","15207"
"Buck Coats","LF","24.0","","","0","0","1","1","9","9","1.000","1","","","","","0.9","","0.6","0.1","1.6","40.5","1.5","2945"
"William Bergolla","2B","62.0","","0","","0","1","1","27","23",".852","2","","","","","","0.3","0.5","0.6","1.4","23.0","1.5","2152"
"Rich Aurilia","1B","329.2","","0","","-1","4","3","60","44",".733","9","","","","","","0.8","2.9","0.6","4.3","16.0","1.5","1106"
"Drew Sutton","LF","36.0","","","1","0","1","2","10","10","1.000","1","","","","0","0.1","","1.5","0.1","1.6","41.7","1.5","7430"
"Donald Lutz","LF","109.2","","","1","0","1","2","22","22","1.000","6","","","","0","1.6","","0.2","0.2","2.0","18.5","1.4","10154"
"Kristopher Negron","3B","204.1","","0","","0","2","3","46","28",".609","10","","","","0","","0.2","-0.4","1.2","1.1","9.4","1.4","5306"
"Tony Renda","2B","50.0","","0","","1","1","2","15","12",".800","4","","","","","","","1.7","-0.4","1.3","32.8","1.4","13443"
"Kristopher Negron","CF","29.1","","","1","0","1","2","5","5","1.000","2","","","","0","0.5","","0.7","0.0","1.3","55.3","1.4","5306"
"Dioner Navarro","C","155.1","0","","","0","","0","","","","","5","0.0","","-3","","","","","","","1.4","3179"
"Fred Lewis","LF","315.2","","","-2","1","7","6","49","48",".980","28","","","","0","-1.3","","3.8","0.5","3.0","11.8","1.3","4693"
"Cesar Izturis","SS","165.2","","0","","1","3","4","44","36",".818","6","","","","-1","","-0.4","-0.1","0.9","0.4","4.8","1.3","656"
"Shin-Soo Choo","LF","28.0","","","0","0","0","0","2","2","1.000","2","","","","0","1.5","","-0.1","0.0","1.4","66.6","1.2","3174"
"Drew Sutton","SS","30.1","","0","","1","1","2","17","15",".882","0","","","","0","","0.2","0.4","0.4","1.1","24.9","1.2","7430"
"Jack Hannahan","2B","9.0","","0","","0","1","1","3","3","1.000","2","","","","0","","0.2","1.0","0.1","1.2","161.7","1.2","3692"
"Corey Patterson","CF","798.0","","","0","3","6","9","200","187",".935","55","","","","","0.2","","-0.1","-0.3","-0.2","-0.2","1.2","300"
"Dave Sappelt","CF","20.0","","","0","0","0","0","6","5",".833","2","","","","0","0.0","","1.1","0.0","1.1","84.5","1.2","6898"
"Wilson Valdez","CF","35.0","","","0","0","0","0","4","4","1.000","2","","","","0","0.5","","0.5","0.0","1.1","68.5","1.2","1863"
"Chris Denorfia","LF","36.1","","","-1","0","1","0","7","5",".714","2","","","","","0.5","","0.8","0.0","1.3","47.8","1.1","4400"
"Ramon Santiago","2B","127.2","","0","","0","0","0","48","38",".792","5","","","","-1","","0.2","0.0","0.6","0.9","8.3","1.1","1417"
"Adam Duvall","1B","58.0","","0","","0","1","1","11","10",".909","2","","","","0","","-0.1","1.5","0.2","1.6","50.9","1.1","10950"
"D'Angelo Jimenez","SS","19.0","","0","","0","2","2","7","7","1.000","0","","","","","","0.2","0.5","0.2","0.9","70.8","1.0","1038"
"Ryan LaMarre","CF","57.0","","","0","0","0","0","14","13",".929","3","","","","","1.5","","-0.4","-0.2","0.9","15.5","1.0","10700"
"DeWayne Wise","LF","22.0","","","0","0","0","0","4","4","1.000","0","","","","","0.5","","0.6","0.0","1.1","82.3","1.0","1554"
"Donald Lutz","RF","18.0","","","0","0","0","0","9","8",".889","2","","","","0","-0.4","","1.4","0.1","1.0","10.5","0.9","10154"
"Wladimir Balentien","RF","110.0","","","1","0","0","1","25","22",".880","6","","","","0","0.7","","0.6","0.2","1.5","20.1","0.9","3131"
"Juan Encarnacion","CF","488.2","","","0","0","0","0","0","0","","0","","","","","-1.7","","2.3","-0.5","0.1","-0.2","0.9","320"
"Russell Branyan","LF","291.1","","","1","0","1","2","34","26",".765","2","","","","","-0.1","","2.3","0.3","2.4","10.3","0.9","370"
"Steve Selsky","LF","15.2","","","0","0","1","1","6","6","1.000","2","","","","","-0.1","","1.0","0.1","1.0","26.4","0.9","12957"
"Jerry Hairston","2B","121.0","","0","","1","0","1","35","28",".800","5","","","","0","","0.4","0.3","-0.1","0.7","5.9","0.9","144"
"Wladimir Balentien","LF","155.2","","","1","0","1","2","28","27",".964","12","","","","0","0.4","","1.8","-0.5","1.7","13.5","0.9","3131"
"Jack Hannahan","1B","103.2","","0","","0","1","1","12","11",".917","2","","","","0","","","1.7","0.0","1.7","28.7","0.8","3692"
"Tony Womack","2B","40.0","","0","","0","1","1","13","12",".923","1","","","","","","","0.5","0.2","0.7","27.8","0.8","78"
"Chris Valaika","SS","19.0","","0","","0","1","1","4","4","1.000","0","","","","","","-0.1","0.6","0.1","0.7","56.3","0.8","1165"
"Yorman Rodriguez","RF","25.0","","","0","0","1","1","4","4","1.000","2","","","","","0.5","","0.3","0.0","0.9","59.1","0.8","9922"
"Tony Renda","3B","8.0","","0","","0","0","0","3","3","1.000","0","","","","","","","0.7","0.1","0.8","115.3","0.8","13443"
"Willie Harris","3B","9.0","","0","","0","1","1","2","2","1.000","0","","","","","","0.1","0.6","0.0","0.7","101.1","0.7","236"
"Arismendy Alcantara","SS","21.1","","0","","1","1","2","9","8",".889","2","","","","","","0.0","0.4","0.2","0.6","31.4","0.7","10711"
"Darren Bragg","LF","9.1","","","0","0","1","1","1","1","1.000","0","","","","","","","0.8","0.0","0.8","0.0","0.7","83"
"Derrick Robinson","CF","86.2","","","-1","1","1","1","13","13","1.000","5","","","","0","-0.4","","0.9","0.1","0.6","13.2","0.7","2784"
"Jermaine Clark","RF","32.0","","","0","0","1","1","13","7",".539","2","","","","","0.8","","0.0","0.1","0.9","31.5","0.7","1664"
"Wilson Valdez","SS","243.1","","0","","0","-4","-4","47","36",".766","8","","","","-1","","0.1","-1.5","0.9","-0.6","-4.4","0.7","1863"
"Jordan Pacheco","2B","17.1","","0","","0","0","0","5","4",".800","2","","","","","","","0.5","0.1","0.6","47.3","0.7","2677"
"DeWayne Wise","CF","49.1","","","0","0","0","0","21","17",".810","3","","","","","1.5","","-0.7","-0.2","0.6","5.3","0.7","1554"
"Josh Hamilton","CF","555.2","","","1","1","-1","1","167","150",".898","18","","","","","1.3","","-1.4","-0.3","-0.4","0.1","0.6","1875"
"Buck Coats","RF","27.2","","","0","0","0","0","4","3",".750","1","","","","","0.4","","0.6","-0.3","0.7","62.8","0.6","2945"
"Andy Phillips","2B","19.0","","0","","0","2","2","4","4","1.000","2","","","","","","0.1","0.4","0.1","0.6","38.9","0.6","2075"
"Hernan Iribarren","CF","40.2","","","0","0","1","1","8","8","1.000","3","","","","","0.0","","0.5","0.0","0.5","24.5","0.6","4177"
"Jason LaRue","1B","9.0","","0","","0","1","1","2","2","1.000","0","","","","","","","0.6","0.1","0.6","96.8","0.6","337"
"Derrick Robinson","RF","3.0","","","0","0","0","0","0","0","","1","","","","0","","","0.5","0.0","0.5","0.0","0.5","2784"
"Adam Duvall","3B","13.1","","0","","0","1","1","2","2","1.000","0","","","","0","","","0.4","0.1","0.5","75.5","0.5","10950"
"Kristopher Negron","LF","35.2","","","0","0","0","0","5","5","1.000","5","","","","0","0.0","","0.7","0.1","0.7","18.3","0.5","5306"
"Tim Hummel","1B","50.2","","0","","0","1","1","9","8",".889","2","","","","","","0.2","0.5","0.2","0.9","21.6","0.5","238"
"Jason Romano","CF","52.2","","","0","0","-1","-1","14","12",".857","3","","","","","0.0","","0.6","-0.2","0.4","8.2","0.5","1278"
"Steve Selsky","RF","66.1","","","1","-1","-1","-1","13","13","1.000","4","","","","","0.9","","-0.2","0.1","0.8","15.4","0.5","12957"
"Adam Dunn","RF","109.1","","","0","0","0","0","4","3",".750","0","","","","","1.6","","-0.6","0.1","1.0","12.7","0.5","319"
"Kenny Kelly","CF","2.1","","","0","0","1","1","2","2","1.000","0","","","","","","","0.4","0.0","0.5","68.1","0.5","1084"
"Adam Rosales","2B","27.0","","0","","0","0","0","7","6",".857","0","","","","0","","0.3","0.0","0.1","0.4","19.8","0.4","9682"
"Kyle Waldrop","RF","8.0","","","0","0","0","0","2","1",".500","1","","","","","0.0","","0.5","0.0","0.5","71.8","0.4","11402"
"D'Angelo Jimenez","3B","4.0","","0","","0","1","1","2","2","1.000","0","","","","","","","0.4","0.1","0.4","64.2","0.4","1038"
"Mark Budzinski","CF","8.0","","","0","0","1","1","3","3","1.000","0","","","","","0.1","","0.3","0.0","0.4","56.2","0.4","1789"
"Wilton Guerrero","2B","55.1","","0","","0","0","0","0","0","","0","","","","","","-0.3","0.2","0.4","0.3","8.6","0.4","1378"
"Jacob Cruz","1B","36.0","","0","","0","-1","-1","3","2",".667","2","","","","","","0.2","0.3","0.1","0.7","25.7","0.4","463"
"Tony Renda","RF","28.2","","","0","0","0","0","6","6","1.000","2","","","","","-0.1","","0.6","0.1","0.6","16.4","0.4","13443"
"Todd Frazier","SS","3.0","","0","","0","0","0","1","1","1.000","0","","","","0","","","0.4","0.0","0.4","0.0","0.4","785"
"Ruben Mateo","LF","15.2","","","0","0","0","0","5","4",".800","0","","","","","0.4","","0.1","0.0","0.5","35.1","0.4","340"
"Jason LaRue","RF","3.0","","","0","0","1","1","2","2","1.000","0","","","","","-0.1","","0.5","0.0","0.4","-12.5","0.4","337"
"Todd Hollandsworth","LF","8.0","","","0","0","0","0","1","1","1.000","0","","","","","0.9","","-0.5","0.0","0.4","-25.4","0.4","433"
"Jeff Keppinger","RF","7.1","","","0","0","0","0","1","1","1.000","0","","","","","0.5","","-0.1","0.0","0.4","61.8","0.4","3856"
"Derrick Robinson","LF","305.2","","","-1","-1","6","4","54","51",".944","31","","","","1","-1.1","","2.4","0.6","1.9","1.3","0.4","2784"
"Luis Lopez","2B","16.0","","0","","0","0","0","5","4",".800","1","","","","","","","0.2","0.1","0.3","23.3","0.3","695"
"Ivan De Jesus","3B","151.0","","0","","1","-2","-2","38","26",".684","4","","","","-1","","-0.2","-0.4","0.7","0.1","0.1","0.3","9886"
"Brady Clark","RF","10.1","","","0","0","0","0","0","0","","0","","","","","","","0.4","0.0","0.4","57.5","0.3","1398"
"Aaron Holbert","1B","5.0","","0","","0","-1","-1","2","1",".500","0","","","","","","","0.3","0.0","0.4","55.7","0.3","1960"
"Josh Hamilton","RF","81.0","","","1","0","0","1","27","25",".926","2","","","","","0.6","","-0.1","0.2","0.7","9.2","0.3","1875"
"Tim Hummel","SS","12.0","","0","","0","-1","-1","1","0",".000","0","","","","","","","0.1","0.1","0.2","36.7","0.3","238"
"Didi Gregorius","SS","46.0","","0","","0","1","1","8","6",".750","2","","","","","","0.0","-0.3","0.3","0.1","2.1","0.3","6012"
"Ryan Jorgensen","C","34.0","0","","","0","","0","","","","","","","","","","","","","","","0.3","7056"
"Patrick Kivlehan","3B","47.2","","0","","0","3","3","9","8",".889","7","","","","","","","0.1","0.1","0.2","27.2","0.3","13910"
"Brennan Boesch","LF","46.2","","","0","0","0","0","12","11",".917","1","","","","0","0.3","","0.1","0.1","0.5","10.0","0.3","914"
"Willie Harris","LF","9.0","","","0","0","0","0","1","1","1.000","0","","","","","0.2","","0.1","0.0","0.3","43.0","0.2","236"
"Arismendy Alcantara","LF","5.0","","","0","0","0","0","1","1","1.000","0","","","","","","","0.3","0.0","0.3","39.0","0.2","10711"
"Wily Mo Pena","3B","5.0","","0","","0","0","0","1","1","1.000","0","","","","","","","0.1","0.1","0.2","32.5","0.2","344"
"Raul Gonzalez","CF","40.0","","","0","0","0","0","0","0","","0","","","","","0.0","","0.1","0.1","0.2","3.7","0.2","1553"
"Jim Edmonds","RF","3.0","","","0","0","0","0","1","1","1.000","0","","","","","0.0","","0.2","0.0","0.2","3.2","0.2","1153"
"Laynce Nix","CF","51.0","","","1","0","2","3","10","10","1.000","3","","","","0","-0.3","","0.7","-0.2","0.1","7.5","0.2","1766"
"Marlon Byrd","RF","25.0","","","0","0","1","1","8","8","1.000","3","","","","0","-0.2","","0.5","0.1","0.3","-2.3","0.2","950"
"Kristopher Negron","1B","18.0","","0","","0","0","0","4","4","1.000","0","","","","0","","","0.2","0.1","0.3","17.3","0.2","5306"
"Edgar Renteria","2B","7.0","","0","","0","0","0","5","5","1.000","0","","","","0","","","0.1","0.1","0.2","12.6","0.2","1178"
"Chad Wallach","C","21.0","0","","","0","","0","","","","","","","","","","","","","","","0.2","17161"
"William Bergolla","SS","1.0","","0","","0","0","0","0","0","","0","","","","","","","0.2","0.0","0.2","0.0","0.2","2152"
"Jason Bourgeois","LF","127.2","","","2","0","-1","1","18","17",".944","4","","","","0","0.9","","0.1","-0.1","0.8","11.5","0.2","2225"
"Tyler Holt","CF","246.2","","","1","1","-5","-3","72","64",".889","17","","","","-2","-1.3","","0.8","0.3","-0.3","0.1","0.2","11391"
"Todd Frazier","2B","8.0","","0","","0","0","0","1","1","1.000","0","","","","0","","0.1","0.1","0.0","0.2","3.5","0.2","785"
"Marlon Byrd","CF","30.0","","","0","0","-1","-1","7","7","1.000","2","","","","0","0.1","","-0.1","0.0","0.1","7.1","0.1","950"
"Neftali Soto","3B","12.0","","0","","0","0","0","2","1",".500","0","","","","","","","0.1","0.0","0.1","0.0","0.1","5663"
"Mark Bellhorn","2B","1.2","","0","","0","0","0","1","1","1.000","0","","","","","","0.0","0.1","0.0","0.1","0.9","0.1","264"
"Roger Bernadina","CF","44.2","","","0","0","0","0","10","10","1.000","0","","","","0","-0.1","","0.1","0.1","0.0","-4.0","0.1","6421"
"Chris Dominguez","RF","9.0","","","0","0","0","0","2","2","1.000","0","","","","","","","0.1","0.0","0.2","23.9","0.1","9718"
"Buck Coats","CF","17.0","","","0","0","0","0","4","4","1.000","0","","","","","-0.1","","0.1","0.0","0.1","11.3","0.1","2945"
"Dane Sardinha","C","12.0","0","","","0","","0","","","","","","","","","","","","","","","0.1","353"
"Darnell McDonald","RF","66.2","","","-1","0","0","-1","19","18",".947","6","","","","0","-1.1","","1.4","0.1","0.4","7.3","0.1","1867"
"Raffy Lopez","C","10.0","0","","","0","","0","","","","","","","","","","","","","","","0.1","12606"
"Zach Vincej","SS","15.0","","0","","0","0","0","3","3","1.000","1","","","","","","","","","","","0.1","13269"
"Juan Castro","1B","30.0","","0","","0","0","0","3","2",".667","0","","","","","","","0.2","0.1","0.3","22.5","0.0","315"
"Pedro Lopez","SS","93.1","","0","","0","-1","-1","17","16",".941","2","","","","","","0.1","-0.4","-0.1","-0.5","-9.8","0.0","3207"
"Hernan Iribarren","2B","15.0","","0","","0","0","0","0","0","","0","","","","","","","0.0","0.0","0.0","0.0","0.0","4177"
"Quinton McCracken","LF","14.0","","","0","0","0","0","3","3","1.000","0","","","","","0.0","","0.0","0.0","0.1","6.2","0.0","1377"
"Jeff Conine","RF","4.0","","","0","0","0","0","1","1","1.000","0","","","","","","","0.0","0.0","0.0","5.7","0.0","131"
"Miguel Perez","C","2.0","0","","","0","","0","","","","","","","","","","","","","","","0.0","3262"
"Yonder Alonso","3B","9.0","","0","","0","0","0","0","0","","0","","","","0","","","0.0","0.0","0.0","0.0","0.0","2530"
"Pedro Lopez","2B","9.0","","0","","0","0","0","0","0","","0","","","","","","","0.0","0.0","0.0","0.0","0.0","3207"
"Gookie Dawkins","2B","5.0","","0","","0","0","0","0","0","","0","","","","","","","","","","","0.0","316"
"Jorge Cantu","3B","4.0","","0","","0","0","0","0","0","","0","","","","","","","0.0","0.0","0.0","0.0","0.0","2521"
"Jake Elmore","2B","9.0","","0","","0","0","0","2","2","1.000","0","","","","","","-0.1","0.1","0.0","0.0","12.3","0.0","7290"
"Jose Guillen","CF","2.1","","","0","0","0","0","0","0","","0","","","","","","","0.0","0.0","0.0","0.0","0.0","57"
"Miguel Cairo","SS","1.0","","0","","0","0","0","0","0","","0","","","","0","","","","","","","0.0","1412"
"Willie Bloomquist","2B","3.0","","0","","0","0","0","0","0","","0","","","","","","","","","","","0.0","1066"
"Mark Bellhorn","3B","13.0","","0","","0","0","0","5","3",".600","1","","","","","","","-0.2","0.2","0.0","-1.3","0.0","264"
"Roger Bernadina","1B","7.0","","0","","0","0","0","0","0","","0","","","","0","","","0.0","0.0","0.1","9.4","0.0","6421"
"Jeff Conine","3B","1.0","","0","","0","0","0","0","0","","0","","","","","","","","","","","0.0","131"
"Ramon Hernandez","3B","1.0","","0","","0","0","0","0","0","","0","","","","0","","","","","","","0.0","918"
"Jim Chamblee","3B","1.0","","0","","0","0","0","0","0","","0","","","","","","","","","","","0.0","1146"
"Jermaine Clark","CF","1.0","","","0","0","0","0","0","0","","0","","","","","","","","","","","0.0","1664"
"Raffy Lopez","1B","0.2","","0","","0","0","0","0","0","","0","","","","","","","0.0","0.0","0.0","0.0","0.0","12606"
"Raul Gonzalez","LF","2.0","","","0","0","0","0","0","0","","0","","","","","0.0","","0.0","0.0","0.0","1.3","0.0","1553"
"Jason LaRue","LF","0.2","","","0","0","0","0","0","0","","0","","","","","","","","","","","0.0","337"
"Ray Olmedo","RF","1.0","","","0","0","0","0","0","0","","0","","","","","","","","","","","0.0","1718"
"Ryan LaMarre","RF","1.0","","","0","0","0","0","0","0","","0","","","","","","","","","","","0.0","10700"
"Yonder Alonso","1B","43.0","","0","","1","1","2","9","7",".778","4","","","","0","","0.0","1.2","-0.8","0.4","9.8","0.0","2530"
"Ramon Santiago","LF","1.1","","","0","0","0","0","0","0","","0","","","","0","","","","","","","0.0","1417"
"Jeff Keppinger","3B","147.0","","0","","0","0","0","47","34",".723","7","","","","","","-0.5","-0.9","1.1","-0.3","-0.6","0.0","3856"
"Dernell Stenson","1B","1.0","","0","","0","0","0","0","0","","0","","","","","","","","","","","0.0","215"
"Chad Wallach","1B","1.0","","0","","0","0","0","0","0","","0","","","","","","","","","","","0.0","17161"
"Zach Vincej","2B","3.0","","0","","0","0","0","1","1","1.000","0","","","","","","0.0","","","0.0","-0.6","0.0","13269"
"Juan Francisco","3B","291.1","","0","","-2","3","1","58","38",".655","14","","","","0","","0.4","-0.3","-0.6","-0.5","-2.7","0.0","6978"
"Chris Dominguez","LF","16.0","","","0","0","0","0","3","3","1.000","0","","","","","","","0.1","0.0","0.1","10.1","0.0","9718"
"Drew Sutton","RF","3.0","","","0","0","0","0","0","0","","0","","","","0","","","","","","","0.0","7430"
"Ryan LaMarre","LF","3.0","","","0","0","0","0","0","0","","0","","","","","","","0.0","0.0","0.0","0.0","0.0","10700"
"Jeremy Hermida","RF","5.0","","","0","0","0","0","0","0","","0","","","","","","","","","","","0.0","7208"
"Hernan Iribarren","1B","3.0","","0","","0","0","0","0","0","","0","","","","","","","","","","","0.0","4177"
"Todd Frazier","RF","7.0","","","0","0","0","0","0","0","","0","","","","0","","","","","","","0.0","785"
"Willie Bloomquist","LF","8.0","","","0","0","0","0","0","0","","0","","","","","","","","","","","0.0","1066"
"Kyle Waldrop","LF","9.1","","","0","0","0","0","2","2","1.000","0","","","","","","","0.0","0.0","0.0","1.0","0.0","11402"
"Miguel Cairo","RF","7.0","","","0","0","0","0","1","1","1.000","0","","","","0","","","0.0","0.0","0.0","-1.3","0.0","1412"
"Jeff Keppinger","LF","11.0","","","0","0","0","0","6","4",".667","1","","","","","-0.1","","0.0","0.0","0.0","2.9","0.0","3856"
"Jim Edmonds","LF","9.0","","","0","0","0","0","0","0","","0","","","","","","","","","","","0.0","1153"
"Tim Hummel","2B","7.0","","0","","0","0","0","2","2","1.000","0","","","","","","","-0.1","0.0","-0.1","-9.1","0.0","238"
"Neftali Soto","1B","42.0","","0","","0","1","1","5","4",".800","0","","","","","","","0.2","0.1","0.3","15.5","0.0","5663"
"Javier Valentin","3B","9.2","","0","","0","-1","-1","0","0","","0","","","","","","","-0.1","0.0","-0.1","0.0","-0.1","759"
"Quinton McCracken","RF","10.0","","","0","0","0","0","2","2","1.000","1","","","","","0.0","","0.0","0.0","0.0","-1.5","-0.1","1377"
"Arismendy Alcantara","3B","9.1","","0","","0","0","0","3","2",".667","0","","","","","","","-0.1","0.1","-0.1","-12.1","-0.1","10711"
"Jordan Pacheco","1B","12.0","","0","","0","0","0","0","0","","0","","","","","","","0.0","0.0","0.0","0.0","-0.1","2677"
"Jesse Winker","LF","17.0","","","0","0","0","0","1","1","1.000","0","","","","","0.0","","","","0.0","-0.6","-0.1","13590"
"Jacob Cruz","LF","60.2","","","1","0","-1","0","13","6",".462","0","","","","","0.8","","-0.6","0.1","0.2","-2.4","-0.1","463"
"Danny Richar","SS","8.0","","0","","0","0","0","1","1","1.000","0","","","","","","-0.1","-0.1","0.0","-0.2","-10.3","-0.1","3767"
"Andy Phillips","3B","49.0","","0","","0","-2","-2","11","7",".636","3","","","","","","0.2","-0.1","-0.3","-0.2","-6.4","-0.1","2075"
"Jerry Hairston","RF","61.0","","","-2","-1","-1","-4","19","17",".895","6","","","","0","-0.6","","0.6","0.2","0.2","0.5","-0.1","144"
"Brady Clark","CF","22.0","","","0","0","0","0","0","0","","0","","","","","-0.2","","0.0","0.0","-0.2","-2.7","-0.1","1398"
"Wilkin Castillo","LF","38.0","","","0","0","1","1","5","5","1.000","1","","","","","-0.2","","0.2","0.0","0.1","2.6","-0.1","5124"
"Jim Edmonds","1B","18.0","","0","","0","0","0","0","0","","0","","","","","","","","","","","-0.2","1153"
"Royce Clayton","SS","334.2","","-1","","0","-1","-2","95","73",".768","17","","","","","","0.1","-0.1","-1.9","-1.9","-7.8","-0.2","226"
"Patrick Kivlehan","LF","58.2","","","0","0","0","0","6","5",".833","4","","","","","-0.4","","0.4","0.1","0.1","-1.5","-0.2","13910"
"Edwin Encarnacion","1B","9.0","","0","","0","0","0","2","1",".500","0","","","","","","","-0.2","0.0","-0.1","-19.2","-0.2","2151"
"Todd Walker","2B","1319.1","","0","","0","0","0","0","0","","0","","","","","","-1.0","-6.5","5.1","-2.5","-2.3","-0.2","359"
"Jason Romano","RF","21.1","","","2","0","-1","1","8","1",".125","0","","","","","1.5","","-1.6","0.0","-0.1","-184.8","-0.2","1278"
"Yorman Rodriguez","LF","18.0","","","0","0","0","0","1","1","1.000","1","","","","","-0.1","","-0.1","0.0","-0.1","-21.0","-0.2","9922"
"Wilkin Castillo","2B","16.0","","0","","0","-1","-1","1","1","1.000","0","","","","","","0.0","-0.3","0.0","-0.3","-40.4","-0.2","5124"
"Jeff Keppinger","1B","20.2","","0","","0","0","0","2","1",".500","1","","","","","","","-0.2","0.1","-0.1","-4.3","-0.2","3856"
"Chris Dominguez","1B","10.0","","0","","0","0","0","1","0",".000","0","","","","","","","-0.2","0.0","-0.1","0.0","-0.2","9718"
"Drew Sutton","3B","6.1","","0","","0","-1","-1","1","1","1.000","0","","","","0","","","-0.3","0.1","-0.3","-38.6","-0.2","7430"
"Russell Branyan","3B","253.0","","0","","0","3","3","38","33",".868","2","","","","","","0.2","-0.5","-0.5","-0.7","-2.4","-0.2","370"
"Phillip Ervin","LF","17.0","","","0","0","0","0","4","3",".750","2","","","","","","","-0.2","0.0","-0.2","0.0","-0.3","14738"
"Chad Moeller","C","86.2","-1","","","0","","-2","","","","","","","","","","","","","","","-0.3","66"
"Paul Janish","3B","119.1","","0","","0","0","0","27","18",".667","7","","","","2","","-0.2","-0.6","0.4","-0.5","-7.4","-0.3","7412"
"Cesar Izturis","3B","2.0","","0","","0","0","0","1","0",".000","1","","","","0","","","0.4","-0.7","-0.3","-43.4","-0.3","656"
"Denis Phipps","CF","9.0","","","0","0","-1","-1","4","3",".750","0","","","","","0.0","","-0.3","0.0","-0.3","-45.9","-0.3","6968"
"Jermaine Clark","2B","13.0","","0","","0","-1","-1","3","2",".667","0","","","","","","","-0.4","0.1","-0.3","-49.8","-0.3","1664"
"Rich Aurilia","SS","436.1","","-1","","-1","-5","-7","137","114",".832","16","","","","","","0.0","-3.5","1.0","-2.6","-7.5","-0.3","1106"
"Patrick Kivlehan","1B","30.1","","0","","0","0","0","3","2",".667","1","","","","","","0.0","-0.2","0.1","-0.1","-3.3","-0.3","13910"
"Reggie Taylor","LF","164.2","","","1","0","-1","0","11","8",".727","0","","","","","0.5","","0.5","-0.5","0.5","3.5","-0.4","358"
"Denis Phipps","RF","9.0","","","0","0","0","0","1","1","1.000","0","","","","","-0.2","","-0.1","0.0","-0.3","-32.3","-0.4","6968"
"Drew Sutton","2B","41.0","","0","","-1","-1","-2","12","10",".833","1","","","","0","","0.0","-0.6","0.2","-0.4","-15.9","-0.4","7430"
"Rich Aurilia","3B","485.1","","0","","0","-8","-8","133","95",".714","10","","","","","","0.2","-2.5","1.1","-1.2","-3.0","-0.4","1106"
"Brandon Larson","1B","4.0","","0","","0","0","0","0","0","","0","","","","","","","-0.4","0.0","-0.3","-49.6","-0.4","336"
"Mike Costanzo","1B","7.0","","0","","-1","0","-1","1","0",".000","0","","","","","","","-0.3","0.0","-0.3","0.0","-0.4","3533"
"Ruben Mateo","CF","116.1","","","-1","0","2","1","27","21",".778","4","","","","","-0.3","","-0.4","0.1","-0.6","-6.7","-0.4","340"
"Andy Phillips","1B","30.2","","0","","0","0","0","6","4",".667","1","","","","","","","0.0","-0.2","-0.1","-6.9","-0.4","2075"
"Jake Elmore","SS","17.0","","0","","0","-1","-1","3","2",".667","2","","","","","","","-0.6","0.1","-0.5","-73.5","-0.4","7290"
"Aaron Holbert","3B","10.0","","0","","0","0","0","4","1",".250","4","","","","","","","-0.6","0.2","-0.4","-31.5","-0.4","1960"
"John Vander Wal","1B","7.2","","0","","0","-1","-1","1","0",".000","0","","","","","","","-0.4","0.0","-0.3","0.0","-0.4","853"
"Jolbert Cabrera","2B","15.0","","0","","0","-1","-1","6","4",".667","0","","","","","","-0.1","-0.5","0.1","-0.4","-31.3","-0.4","373"
"Darnell McDonald","CF","29.0","","","0","0","-1","-1","7","7","1.000","3","","","","0","-0.3","","0.1","-0.3","-0.5","-14.4","-0.4","1867"
"Jeremy Hermida","LF","25.0","","","0","0","0","0","5","4",".800","1","","","","","0.2","","-0.5","0.0","-0.3","-11.4","-0.5","7208"
"Jorge Cantu","2B","8.0","","0","","0","-1","-1","3","3","1.000","0","","","","","","-0.1","-0.4","0.1","-0.5","-60.5","-0.5","2521"
"Skip Schumaker","2B","184.0","","0","","0","-3","-3","52","40",".769","9","","","","-3","","0.4","-0.4","-0.8","-0.8","-5.7","-0.5","3704"
"Kevin Barker","1B","25.0","","0","","0","0","0","2","2","1.000","1","","","","","","","-0.4","0.1","-0.3","-14.0","-0.5","1019"
"Scott Schebler","CF","250.2","","","0","0","-2","-2","58","53",".914","14","","","","-1","0.0","","-0.4","-0.5","-0.9","-5.2","-0.5","12225"
"Willie Harris","2B","44.0","","0","","0","-1","-1","17","13",".765","2","","","","","","","-0.2","-0.4","-0.6","-13.2","-0.5","236"
"Brandon Phillips","SS","17.0","","0","","0","-1","-1","6","3",".500","0","","","","0","","","-0.1","-0.6","-0.6","-47.4","-0.5","791"
"Dernell Stenson","RF","41.2","","","0","0","0","0","10","6",".600","0","","","","","-0.5","","0.1","0.0","-0.3","-1.4","-0.5","215"
"Brady Clark","LF","46.1","","","0","0","0","0","0","0","","0","","","","","-0.1","","-0.3","0.1","-0.3","-12.4","-0.6","1398"
"Hernan Iribarren","RF","16.0","","","0","0","-1","-1","2","2","1.000","0","","","","","-0.1","","-0.5","0.0","-0.5","-35.7","-0.6","4177"
"Scooter Gennett","LF","55.0","","","0","0","1","1","10","9",".900","4","","","","","-0.3","","0.0","0.1","-0.3","-7.1","-0.6","10339"
"Jeff Keppinger","2B","49.0","","0","","0","-1","-1","11","7",".636","2","","","","","","0.3","-1.2","0.2","-0.7","-27.3","-0.6","3856"
"Jolbert Cabrera","3B","9.1","","0","","0","0","0","3","1",".333","1","","","","","","","-0.7","0.1","-0.6","-45.7","-0.6","373"
"Cody Ross","LF","9.0","","","0","0","-1","-1","2","1",".500","0","","","","","-0.4","","-0.2","0.0","-0.6","-51.0","-0.6","1760"
"Enrique Cruz","SS","2.2","","0","","0","-1","-1","1","0",".000","0","","","","","","","0.0","-0.7","-0.7","0.0","-0.7","1673"
"Scooter Gennett","RF","41.1","","","0","0","0","0","9","7",".778","4","","","","","-0.5","","0.0","0.1","-0.5","-14.3","-0.7","10339"
"Kenny Kelly","LF","8.0","","","0","0","-1","-1","2","2","1.000","0","","","","","-0.3","","-0.4","0.0","-0.6","-68.8","-0.7","1084"
"Jolbert Cabrera","LF","124.0","","","1","0","1","2","18","17",".944","4","","","","","1.2","","-1.1","-0.1","0.0","-0.6","-0.7","373"
"Darnell McDonald","LF","124.0","","","0","0","-1","-1","22","20",".909","7","","","","0","0.0","","0.0","-0.1","-0.1","-0.5","-0.7","1867"
"Tony Renda","LF","23.1","","","0","0","-1","-1","7","7","1.000","0","","","","","0.1","","-0.7","0.0","-0.6","-32.0","-0.7","13443"
"Steve Selsky","CF","11.0","","","0","0","-1","-1","5","4",".800","0","","","","","0.0","","-0.8","0.0","-0.7","-54.4","-0.7","12957"
"Josh Hamilton","LF","27.0","","","0","0","-1","-1","6","5",".833","0","","","","","0.0","","-0.6","0.0","-0.6","-29.2","-0.7","1875"
"Arismendy Alcantara","2B","55.0","","0","","0","0","0","12","11",".917","3","","","","","","-0.1","0.7","-1.5","-0.9","-17.4","-0.8","10711"
"Xavier Paul","RF","9.0","","","0","0","-1","-1","1","0",".000","0","","","","0","0.5","","-1.3","0.0","-0.7","-162.4","-0.8","5963"
"Patrick Kivlehan","CF","20.0","","","0","0","0","0","3","3","1.000","0","","","","","-0.2","","-0.7","0.0","-0.8","-56.8","-0.8","13910"
"Yorman Rodriguez","CF","17.0","","","0","0","-1","-1","3","2",".667","2","","","","","","","-0.9","0.0","-0.8","-62.5","-0.8","9922"
"Brendan Harris","2B","12.0","","0","","0","-1","-1","4","1",".250","0","","","","","","","-0.9","0.1","-0.8","-124.5","-0.8","2178"
"Gookie Dawkins","SS","125.0","","0","","0","0","0","0","0","","0","","","","","","-0.3","-0.7","-0.4","-1.5","-18.3","-0.8","316"
"Arismendy Alcantara","RF","22.2","","","0","0","0","0","4","4","1.000","4","","","","","-0.7","","0.0","0.0","-0.7","-17.4","-0.8","10711"
"Reggie Taylor","RF","42.1","","","0","0","-1","-1","9","6",".667","0","","","","","-0.3","","-0.4","0.1","-0.6","-48.5","-0.8","358"
"Adam Rosales","1B","84.2","","0","","0","-1","0","12","10",".833","6","","","","0","","-0.2","-0.4","0.4","-0.1","-2.0","-0.8","9682"
"Kenny Kelly","RF","3.0","","","0","0","0","0","0","0","","0","","","","","-0.2","","-0.6","0.0","-0.8","-29.3","-0.8","1084"
"Fred Lewis","RF","21.1","","","0","0","-1","-1","5","5","1.000","0","","","","0","0.0","","0.0","-0.8","-0.7","-37.0","-0.8","4693"
"Jason Romano","LF","39.0","","","1","0","-2","-1","8","4",".500","1","","","","","1.1","","-1.8","0.1","-0.6","-38.3","-0.8","1278"
"Stephen Smitherman","LF","93.1","","","1","0","1","2","22","13",".591","1","","","","","0.5","","-1.0","0.1","-0.4","-2.7","-0.9","1758"
"Danny Richar","2B","56.2","","0","","0","-2","-2","15","13",".867","1","","","","","","-0.4","-0.6","0.0","-1.0","-21.6","-0.9","3767"
"Jack Hannahan","3B","215.0","","0","","0","-2","-2","48","36",".750","7","","","","0","","0.2","-0.8","-0.7","-1.2","-7.7","-0.9","3692"
"Skip Schumaker","CF","75.0","","","1","0","-1","0","10","8",".800","4","","","","-1","-0.1","","-1.0","0.1","-1.0","-24.6","-0.9","3704"
"Ivan De Jesus","1B","68.1","","0","","-1","0","-1","8","5",".625","2","","","","0","","0.0","-0.1","-0.1","-0.3","-10.5","-0.9","9886"
"Chris Dickerson","LF","467.2","","","3","0","1","4","82","73",".890","30","","","","2","0.2","","1.9","-0.6","1.5","3.9","-0.9","7095"
"Kristopher Negron","RF","9.0","","","0","0","0","0","3","3","1.000","0","","","","0","-0.7","","0.1","-0.3","-0.9","-63.1","-0.9","5306"
"Tucker Barnhart","RF","1.0","","","0","0","0","0","2","0",".000","0","","","","0","0.3","","-1.2","0.0","-0.9","-158.9","-0.9","10200"
"Chris Dickerson","RF","129.0","","","-1","0","0","-1","27","24",".889","10","","","","1","0.2","","-0.7","0.2","-0.3","-3.2","-1.0","7095"
"Danny Richar","3B","19.2","","0","","0","-1","-1","2","1",".500","0","","","","","","","-0.4","-0.6","-1.0","-74.6","-1.0","3767"
"Wilson Valdez","2B","99.0","","0","","0","-4","-4","27","21",".778","2","","","","0","","0.2","-1.1","-0.3","-1.2","-17.5","-1.1","1863"
"Phillip Ervin","RF","29.0","","","0","0","0","0","7","7","1.000","3","","","","","-0.8","","0.0","-0.3","-1.0","-48.5","-1.1","14738"
"Wilton Guerrero","3B","16.0","","0","","0","0","0","0","0","","0","","","","","","0.0","-0.5","-0.6","-1.2","-173.0","-1.1","1378"
"Jolbert Cabrera","RF","17.0","","","0","0","-1","-1","2","1",".500","0","","","","","-0.2","","-0.9","0.0","-1.0","-145.5","-1.1","373"
"Jordan Pacheco","3B","31.0","","0","","0","0","0","3","0",".000","1","","","","","","","-1.3","0.1","-1.2","-179.6","-1.1","2677"
"Luis Lopez","3B","29.0","","0","","0","-2","-2","7","4",".571","0","","","","","","","-0.7","-0.5","-1.2","-59.7","-1.1","695"
"Scott Schebler","LF","85.2","","","1","0","-3","-2","14","13",".929","4","","","","0","0.3","","-0.3","-0.7","-0.7","-10.7","-1.2","12225"
"Jermaine Clark","LF","9.0","","","0","0","-1","-1","4","1",".250","0","","","","","-0.1","","-1.1","0.0","-1.1","-167.0","-1.2","1664"
"Adam Duvall","RF","43.2","","","0","0","-2","-2","6","3",".500","2","","","","0","-0.3","","-0.7","0.1","-0.9","-39.5","-1.2","10950"
"Jay Bruce","LF","41.0","","","-1","0","-2","-3","3","2",".667","1","","","","","-0.8","","-0.2","0.0","-1.0","-39.9","-1.2","9892"
"Willie Bloomquist","RF","27.1","","","0","0","0","0","4","4","1.000","2","","","","","-0.5","","-0.6","0.0","-1.1","-47.1","-1.2","1066"
"Felipe Lopez","2B","77.2","","0","","0","1","1","11","9",".818","2","","","","","","0.2","-0.4","-1.2","-1.4","-43.6","-1.2","1311"
"Wilson Valdez","3B","57.2","","0","","0","0","1","15","11",".733","1","","","","0","","-0.2","-0.3","-0.8","-1.4","-29.3","-1.3","1863"
"Jerry Hairston","3B","277.1","","0","","1","0","1","45","25",".556","13","","","","-2","","0.3","1.0","-3.1","-1.8","-12.3","-1.3","144"
"Scooter Gennett","2B","769.1","","-2","","-1","-5","-8","191","145",".759","25","","","","","","-0.8","-1.7","-0.1","-2.6","-6.1","-1.3","10339"
"Quinton McCracken","CF","40.0","","","0","0","0","0","12","11",".917","4","","","","","0.1","","-0.7","-0.7","-1.4","-34.8","-1.3","1377"
"Henry Rodriguez","2B","19.2","","0","","0","0","0","8","4",".500","0","","","","","","0.0","-1.4","0.1","-1.4","-198.6","-1.3","7983"
"Ray Olmedo","3B","6.0","","0","","0","-2","-2","3","0",".000","0","","","","","","","-1.5","0.1","-1.4","-209.6","-1.4","1718"
"Ramon Santiago","3B","194.0","","0","","0","0","-2","38","30",".790","5","","","","-1","","-0.8","-0.2","-0.7","-1.7","-10.0","-1.4","1417"
"John Vander Wal","RF","43.0","","","1","0","2","3","18","11",".611","1","","","","","0.3","","-1.7","0.1","-1.2","-18.5","-1.4","853"
"Jerry Hairston","SS","488.1","","-2","","2","-3","-3","113","88",".779","22","","","","-2","","-0.5","-2.6","-0.8","-3.9","-12.9","-1.4","144"
"Miguel Cairo","3B","751.1","","0","","0","-4","-3","166","112",".675","32","","","","-4","","0.4","-3.7","0.5","-2.8","-5.3","-1.5","1412"
"Phillip Ervin","CF","63.0","","","-1","-1","0","-2","19","15",".790","6","","","","","-1.3","","-0.1","-0.3","-1.6","-38.3","-1.5","14738"
"Ken Griffey Jr.","LF","8.0","","","0","0","0","0","0","0","","0","","","","","0.0","","-1.5","0.0","-1.5","-224.7","-1.5","327"
"Wilton Guerrero","SS","26.0","","0","","0","0","0","0","0","","0","","","","","","0.3","-1.6","-0.5","-1.7","-91.1","-1.6","1378"
"DeWayne Wise","RF","21.0","","","0","0","-1","-1","1","0",".000","0","","","","","-0.5","","-1.0","0.0","-1.5","-168.1","-1.6","1554"
"Donald Lutz","1B","39.2","","0","","0","-2","-2","8","4",".500","0","","","","","","0.2","-1.0","-0.5","-1.3","-42.0","-1.6","10154"
"Jay Bruce","1B","26.0","","0","","0","-1","-1","5","2",".400","0","","","","0","","","0.0","-1.4","-1.5","-72.7","-1.7","9892"
"Aaron Holbert","2B","28.0","","0","","0","-2","-2","10","7",".700","0","","","","","","-0.5","-0.7","-0.5","-1.7","-54.7","-1.7","1960"
"Tyler Holt","LF","62.2","","","0","0","0","0","7","5",".714","7","","","","0","-0.4","","-1.1","0.1","-1.4","-30.3","-1.7","11391"
"Chris Denorfia","CF","128.1","","","1","0","-1","0","29","24",".828","9","","","","","-0.3","","-1.5","-0.1","-1.9","-20.9","-1.7","4400"
"Jim Edmonds","CF","26.0","","","0","0","-2","-2","9","7",".778","0","","","","","0.0","","-1.8","0.0","-1.8","-68.2","-1.7","1153"
"Brennan Boesch","RF","37.2","","","0","0","-1","-1","7","6",".857","1","","","","0","-0.2","","-1.5","0.1","-1.6","-62.8","-1.8","914"
"Ray Olmedo","SS","432.1","","-1","","0","-3","-4","111","95",".856","21","","","","","","-0.2","1.6","-5.5","-4.1","-12.6","-1.9","1718"
"Scooter Gennett","3B","71.0","","0","","0","-1","-1","15","8",".533","5","","","","","","0.2","-1.1","-1.0","-2.0","-40.2","-1.9","10339"
"Andy Machado","SS","149.0","","0","","0","-2","-2","32","25",".781","2","","","","","","-0.4","-0.7","-1.5","-2.6","-30.9","-1.9","1853"
"Paul Janish","2B","78.0","","0","","1","-2","-1","16","11",".688","1","","","","0","","0.2","-1.9","-0.4","-2.1","-43.4","-2.0","7412"
"Adam Rosales","3B","448.1","","0","","0","-4","-4","84","58",".691","19","","","","-2","","0.4","-1.9","-1.3","-2.8","-9.5","-2.0","9682"
"Ray Olmedo","2B","296.2","","0","","-2","-6","-8","73","60",".822","12","","","","","","0.1","-1.5","-1.2","-2.5","-11.9","-2.0","1718"
"Brayan Pena","1B","409.2","","0","","-1","1","0","67","56",".836","2","","","","-1","","0.2","-0.6","1.7","1.2","5.4","-2.3","3231"
"Jason Bourgeois","CF","271.1","","","1","0","-4","-3","65","59",".908","13","","","","-2","0.0","","-2.6","-0.2","-2.8","-11.9","-2.3","2225"
"Jeff Keppinger","SS","1271.1","","0","","-2","-16","-18","353","287",".813","38","","","","","","-0.4","-12.3","3.8","-8.9","-9.6","-2.4","3856"
"Javier Valentin","1B","140.0","","0","","0","-3","-3","24","16",".667","3","","","","","","0.1","-2.0","0.7","-1.2","-10.1","-2.4","759"
"Jorge Cantu","1B","104.1","","0","","0","-1","-1","9","5",".556","3","","","","","","0.0","-1.8","0.3","-1.6","-29.0","-2.5","2521"
"Patrick Kivlehan","RF","154.0","","","0","0","-4","-4","27","20",".741","12","","","","","1.2","","-1.5","-1.4","-1.7","-10.5","-2.5","13910"
"Roger Bernadina","RF","40.1","","","0","0","0","0","6","6","1.000","1","","","","0","-0.3","","-2.1","0.1","-2.3","-68.9","-2.5","6421"
"Jacob Cruz","RF","208.2","","","1","0","3","4","67","39",".582","2","","","","","0.3","","-2.2","0.4","-1.5","-10.8","-2.6","463"
"Tyler Holt","RF","99.1","","","-1","-1","-2","-4","12","11",".917","3","","","","0","-1.4","","-0.8","-0.2","-2.3","-36.6","-2.8","11391"
"Felipe Lopez","SS","2699.1","","-6","","-2","-19","-27","774","622",".804","112","","","","","","-4.5","-2.5","-9.9","-16.9","-8.1","-3.0","1311"
"Ivan De Jesus","LF","124.2","","","-1","-1","-4","-6","28","24",".857","6","","","","0","1.1","","-2.0","-1.4","-2.4","-8.9","-3.0","9886"
"Russell Branyan","1B","260.2","","0","","0","1","1","11","10",".909","3","","","","","","-0.1","-0.5","-0.2","-0.8","-5.2","-3.1","370"
"Jason Bourgeois","RF","36.0","","","0","0","-2","-2","5","3",".600","1","","","","0","0.0","","-3.0","0.1","-2.9","-106.3","-3.1","2225"
"Jose Peraza","LF","71.0","","","-1","0","0","-1","10","10","1.000","3","","","","0","-1.0","","-2.0","0.2","-2.8","-48.0","-3.1","13593"
"Jose Guillen","LF","153.0","","","-1","0","1","0","43","26",".605","5","","","","","-0.8","","0.0","-1.6","-2.4","-15.9","-3.2","57"
"Aaron Boone","SS","139.2","","0","","0","-1","-1","13","11",".846","1","","","","","","-0.7","-2.6","-0.8","-4.1","-32.9","-3.4","311"
"Miguel Cairo","1B","267.2","","0","","0","-1","-2","44","33",".750","11","","","","-1","","0.0","-0.9","-0.1","-1.1","-4.8","-3.4","1412"
"Ryan Freel","LF","367.0","","","6","1","-4","3","135","88",".652","10","","","","","3.5","","-5.9","0.8","-1.5","-3.1","-3.4","1207"
"Aaron Boone","2B","161.1","","-1","","0","-2","-3","54","46",".852","5","","","","","","-1.4","-3.6","1.1","-3.8","-24.7","-3.6","311"
"Todd Hollandsworth","RF","118.1","","","0","0","-1","-1","23","19",".826","3","","","","","-1.0","","-2.2","0.2","-3.0","-34.2","-3.6","433"
"Jesse Winker","RF","202.1","","","0","0","-4","-4","32","29",".906","11","","","","","-0.3","","-2.3","-0.1","-2.6","-21.0","-3.7","13590"
"Ramon Hernandez","1B","282.2","","0","","-1","-5","-6","56","39",".696","7","","","","0","","0.3","0.0","-1.5","-1.2","-3.6","-3.7","918"
"Jose Guillen","RF","717.0","","","4","0","6","10","168","108",".643","10","","","","","2.6","","-2.7","0.0","0.0","0.1","-3.7","57"
"Joey Votto","LF","51.0","","","0","-1","-3","-4","18","14",".778","0","","","","","-1.7","","-1.1","-0.7","-3.5","-64.9","-3.7","4314"
"Austin Kearns","CF","340.2","","","1","0","-4","-3","87","66",".759","22","","","","","0.7","","-5.6","0.4","-4.5","-14.2","-3.9","332"
"Juan Castro","3B","708.0","","0","","1","-6","-7","156","106",".680","23","","","","","","0.7","-7.2","1.4","-5.2","-9.6","-3.9","315"
"Juan Encarnacion","RF","207.0","","","0","0","0","0","0","0","","0","","","","","-1.8","","0.0","-1.1","-3.0","-15.1","-4.0","320"
"Jose Peraza","CF","113.0","","","0","0","-5","-5","28","24",".857","3","","","","0","-0.8","","-3.7","0.2","-4.3","-40.3","-4.1","13593"
"Yonder Alonso","LF","112.2","","","-1","-2","-3","-6","20","17",".850","5","","","","0","-1.1","","-2.7","-0.1","-3.9","-40.3","-4.5","2530"
"Brennan Boesch","CF","60.0","","","-1","0","-1","-2","15","12",".800","5","","","","-1","-1.3","","-3.8","0.1","-4.9","-73.9","-4.8","914"
"Jeff Conine","1B","431.2","","0","","0","-1","-1","64","44",".688","10","","","","","","-0.1","-0.8","-0.2","-1.1","-3.9","-4.8","131"
"Skip Schumaker","RF","136.2","","","0","0","-3","-3","24","22",".917","3","","","","-1","-0.8","","-2.7","-0.6","-4.2","-40.5","-4.9","3704"
"Brandon Larson","3B","498.1","","0","","1","-6","-5","107","67",".626","15","","","","","","0.2","-5.0","-1.3","-6.0","-15.2","-5.2","336"
"Wily Mo Pena","LF","133.2","","","-2","-1","-5","-8","46","18",".391","0","","","","","-2.2","","-2.9","-0.4","-5.5","-50.6","-6.2","344"
"Xavier Paul","LF","494.2","","","-2","-2","-8","-12","75","62",".827","22","","","","-3","-1.8","","-1.8","-0.4","-4.1","-12.8","-6.6","5963"
"Joe Randa","3B","716.2","","0","","0","-7","-7","163","115",".706","29","","","","","","0.4","-11.3","3.0","-8.0","-13.2","-6.7","623"
"Scott Schebler","RF","1322.2","","","6","4","-6","4","230","201",".874","76","","","","-1","5.4","","-4.2","-1.4","-0.1","-0.3","-6.9","12225"
"Tim Hummel","3B","353.1","","0","","0","-7","-7","86","54",".628","17","","","","","","-0.7","-5.5","-2.4","-8.6","-27.7","-8.0","238"
"Eugenio Suarez","SS","854.2","","1","","-3","-10","-12","256","188",".734","45","","","","-4","","0.5","-7.9","-5.2","-12.7","-18.7","-8.3","12552"
"Ruben Mateo","RF","451.2","","","-1","0","-2","-3","100","65",".650","3","","","","","0.1","","-6.6","0.4","-6.1","-16.6","-8.4","340"
"Jonny Gomes","RF","269.1","","","1","0","-5","-4","57","46",".807","11","","","","-2","0.8","","-8.5","0.4","-7.2","-31.5","-8.6","1845"
"Marlon Byrd","LF","754.2","","","-1","1","1","1","118","107",".907","46","","","","-3","-0.3","","-5.8","1.0","-5.1","-8.0","-9.0","950"
"Skip Schumaker","LF","518.2","","","-1","-2","-4","-7","78","70",".897","29","","","","-4","-2.9","","-6.4","-0.4","-9.7","-23.8","-12.4","3704"
"Todd Frazier","1B","662.1","","0","","1","-7","-5","114","78",".684","11","","","","2","","0.5","-6.4","-0.8","-6.8","-11.9","-12.5","785"
"Scott Hatteberg","1B","1949.0","","0","","-3","-1","-4","268","194",".724","41","","","","","","-0.8","-0.7","3.8","2.3","1.3","-14.4","916"
"Shin-Soo Choo","CF","1333.0","","","1","-3","-16","-18","304","277",".911","72","","","","-10","-0.4","","-16.1","-0.4","-16.9","-17.0","-14.6","3174"
"Adam Dunn","1B","763.2","","0","","-1","-4","-5","51","41",".804","12","","","","","","-0.1","-6.1","-2.8","-9.0","-16.1","-15.5","319"
"Ryan Ludwick","LF","1931.1","","","-2","1","-10","-11","302","270",".894","95","","","","-8","-4.2","","-10.7","2.6","-12.3","-9.3","-22.2","1260"
"Wily Mo Pena","RF","848.1","","","-3","-2","-11","-16","284","167",".588","12","","","","","-2.1","","-15.3","-1.2","-18.6","-27.8","-22.9","344"
"Jonny Gomes","LF","1698.2","","","1","-3","-20","-22","303","260",".858","64","","","","-12","-1.6","","-14.4","0.6","-15.3","-11.5","-24.0","1845"
"Sean Casey","1B","4571.0","","0","","-1","2","0","483","371",".768","100","","","","","","-0.2","5.5","9.0","14.4","4.0","-24.8","314"
"Edwin Encarnacion","3B","4176.2","","0","","-1","-42","-45","965","619",".642","147","","","","-4","","-0.4","-23.2","-16.8","-40.4","-13.5","-33.2","2151"
"Jay Bruce","RF","10046.2","","","0","12","8","20","1920","1767",".920","569","","","","40","7.1","","0.0","-1.3","5.7","0.8","-46.0","9892"
"Ken Griffey Jr.","RF","1926.0","","","-5","-1","-14","-20","453","391",".863","56","","","","","-6.8","","-29.7","-1.2","-37.7","-24.0","-47.6","327"
"Ken Griffey Jr.","CF","3370.2","","","3","2","-48","-43","868","650",".749","120","","","","","-0.5","","-67.2","1.3","-66.4","-26.0","-60.6","327"
"Joey Votto","1B","12218.0","","-1","","6","42","40","1818","1407",".774","358","","","","14","","0.2","26.7","0.7","27.6","3.0","-77.1","4314"
"Adam Dunn","LF","7584.0","","","1","-14","-58","-71","1702","1216",".715","154","","","","","-12.4","","-36.0","-10.9","-59.3","-10.0","-98.3","319"
"Ramon Ortiz","P","171.1","2","","","0","2","5","","","","","","","","","","","","","","","","27"
"Scott Schoeneweis","P","14.1","0","","","0","0","0","","","","","","","","","","","","","","","","33"
"Ben Weber","P","12.1","0","","","0","0","0","","","","","","","","","","","","","","","","41"
"Jung Bong","P","15.1","0","","","0","0","1","","","","","","","","","","","","","","","","82"
"Chris Hammond","P","28.2","0","","","1","0","1","","","","","","","","","","","","","","","","92"
"Jason Marquis","P","47.1","0","","","0","0","0","","","","","","","","","","","","","","","","105"
"Jason Johnson","P","8.2","0","","","0","-1","-1","","","","","","","","","","","","","","","","147"
"Sun-Woo Kim","P","6.2","0","","","0","0","0","","","","","","","","","","","","","","","","197"
"Jose Acevedo","P","208.1","0","","","0","-2","-2","","","","","","","","","","","","","","","","307"
"Carlos Almanzar","P","11.2","0","","","0","0","0","","","","","","","","","","","","","","","","308"
"Jim Brower","P","39.1","0","","","0","0","0","","","","","","","","","","","","","","","","313"
"Elmer Dessens","P","178.0","0","","","0","0","0","","","","","","","","","","","","","","","","317"
"Seth Etherton","P","30.0","0","","","0","1","1","","","","","","","","","","","","","","","","322"
"Jared Fernandez","P","51.2","0","","","0","0","0","","","","","","","","","","","","","","","","324"
"Danny Graves","P","354.1","1","","","0","6","7","","","","","","","","","","","","","","","","326"
"Joey Hamilton","P","135.1","0","","","0","-1","-1","","","","","","","","","","","","","","","","328"
"Jimmy Haynes","P","306.0","0","","","0","-1","-2","","","","","","","","","","","","","","","","329"
"Luis Pineda","P","32.1","0","","","0","0","0","","","","","","","","","","","","","","","","346"
"Brian Reith","P","87.1","0","","","-1","1","-2","","","","","","","","","","","","","","","","347"
"Chris Reitsma","P","222.1","0","","","0","-3","-3","","","","","","","","","","","","","","","","348"
"Jose Rijo","P","77.0","0","","","0","0","0","","","","","","","","","","","","","","","","349"
"Jose Silva","P","23.1","0","","","0","0","0","","","","","","","","","","","","","","","","354"
"Scott Sullivan","P","128.1","0","","","0","2","2","","","","","","","","","","","","","","","","357"
"Gabe White","P","127.2","0","","","0","0","1","","","","","","","","","","","","","","","","360"
"Scott Williamson","P","116.1","0","","","0","0","0","","","","","","","","","","","","","","","","361"
"Todd Jones","P","57.0","0","","","0","-1","-1","","","","","","","","","","","","","","","","436"
"Kent Mercker","P","142.0","0","","","0","1","-2","","","","","","","","","","","","","","","","439"
"Victor Santos","P","49.0","0","","","0","0","0","","","","","","","","","","","","","","","","446"
"Rick White","P","27.1","0","","","0","2","2","","","","","","","","","","","","","","","","456"
"Brian Moehler","P","43.1","0","","","0","0","0","","","","","","","","","","","","","","","","480"
"Adam Pettyjohn","P","4.0","0","","","0","0","0","","","","","","","","","","","","","","","","489"
"Ryan Dempster","P","204.1","1","","","0","-1","-1","","","","","","","","","","","","","","","","517"
"Ricky Stone","P","36.0","0","","","0","0","0","","","","","","","","","","","","","","","","576"
"Jeremy Affeldt","P","78.1","-1","","","0","2","1","","","","","","","","","","","","","","","","583"
"Jeff Austin","P","28.1","0","","","0","0","0","","","","","","","","","","","","","","","","587"
"Jeremy Horst","P","15.1","0","","","0","0","0","","","","","","","","","","","","","","","","596"
"Eddie Guardado","P","27.2","0","","","0","1","1","","","","","","","","","","","","","","","","727"
"Kyle Lohse","P","194.2","1","","","0","-1","0","","","","","","","","","","","","","","","","739"
"Joe Mays","P","27.0","0","","","0","0","0","","","","","","","","","","","","","","","","740"
"Eric Milton","P","370.1","-1","","","0","-2","-3","","","","","","","","","","","","","","","","743"
"Scott Randall","P","27.2","0","","","0","1","1","","","","","","","","","","","","","","","","749"
"Bruce Chen","P","39.2","0","","","0","0","0","","","","","","","","","","","","","","","","769"
"Brandon Claussen","P","309.2","-2","","","0","-3","-5","","","","","","","","","","","","","","","","814"
"Robert Manuel","P","4.1","0","","","0","0","0","","","","","","","","","","","","","","","","817"
"Randy Keisler","P","56.0","0","","","0","1","1","","","","","","","","","","","","","","","","830"
"Mike Stanton","P","57.2","0","","","0","-2","-3","","","","","","","","","","","","","","","","849"
"John Bale","P","46.1","-1","","","0","1","0","","","","","","","","","","","","","","","","864"
"Shawn Estes","P","28.0","0","","","0","0","0","","","","","","","","","","","","","","","","873"
"David Weathers","P","336.1","0","","","0","-2","-1","","","","","","","","","","","","","","","","902"
"Cory Lidle","P","149.0","0","","","1","3","6","","","","","","","","","","","","","","","","926"
"Rheal Cormier","P","17.0","0","","","0","0","0","","","","","","","","","","","","","","","","952"
"Jimmy Anderson","P","38.2","0","","","0","1","1","","","","","","","","","","","","","","","","977"
"Bronson Arroyo","P","1761.1","8","","","2","16","32","","","","","","","","","","","","","","","","978"
"Josh Fogg","P","78.1","0","","","0","0","0","","","","","","","","","","","","","","","","989"
"Josias Manzanillo","P","10.2","0","","","0","-1","-1","","","","","","","","","","","","","","","","996"
"Kip Wells","P","46.1","-1","","","0","0","-1","","","","","","","","","","","","","","","","1012"
"Dave Williams","P","40.0","0","","","0","2","2","","","","","","","","","","","","","","","","1013"
"Ryan Franklin","P","24.1","0","","","0","-1","-1","","","","","","","","","","","","","","","","1076"
"Arthur Rhodes","P","108.1","0","","","0","0","0","","","","","","","","","","","","","","","","1097"
"Mike Matthews","P","30.0","0","","","0","0","-2","","","","","","","","","","","","","","","","1170"
"Jason Standridge","P","49.2","0","","","0","-1","-1","","","","","","","","","","","","","","","","1229"
"Paul Wilson","P","396.2","1","","","1","-1","1","","","","","","","","","","","","","","","","1234"
"Esteban Yan","P","15.0","0","","","0","1","1","","","","","","","","","","","","","","","","1236"
"Francisco Cordero","P","279.1","-2","","","0","-3","-4","","","","","","","","","","","","","","","","1243"
"Aaron Myette","P","4.1","0","","","0","0","0","","","","","","","","","","","","","","","","1263"
"Todd Van Poppel","P","151.0","0","","","0","0","-1","","","","","","","","","","","","","","","","1284"
"Felix Heredia","P","72.0","-1","","","0","-1","-3","","","","","","","","","","","","","","","","1304"
"Curtis Partch","P","30.1","-1","","","0","0","-1","","","","","","","","","","","","","","","","1333"
"Blake Wood","P","134.0","-1","","","0","0","-1","","","","","","","","","","","","","","","","1345"
"Chris Michalak","P","35.0","1","","","0","0","0","","","","","","","","","","","","","","","","1415"
"Aaron Harang","P","1343.0","-1","","","-1","-6","-8","","","","","","","","","","","","","","","","1451"
"Mike Lincoln","P","113.0","1","","","0","0","0","","","","","","","","","","","","","","","","1457"
"Jesus Sanchez","P","14.1","0","","","0","0","0","","","","","","","","","","","","","","","","1476"
"John Riedling","P","224.1","-1","","","0","1","-1","","","","","","","","","","","","","","","","1515"
"Kirk Saarloos","P","42.2","0","","","0","2","2","","","","","","","","","","","","","","","","1516"
"Mark Watson","P","2.0","0","","","0","0","0","","","","","","","","","","","","","","","","1526"
"Luke Hudson","P","139.0","0","","","0","0","0","","","","","","","","","","","","","","","","1542"
"Josh Hancock","P","68.2","0","","","0","-2","-3","","","","","","","","","","","","","","","","1606"
"Russ Springer","P","1.2","0","","","0","0","0","","","","","","","","","","","","","","","","1652"
"Dontrelle Willis","P","75.2","2","","","0","0","2","","","","","","","","","","","","","","","","1703"
"Phil Norton","P","80.1","0","","","0","-2","-2","","","","","","","","","","","","","","","","1714"
"Ryan Wagner","P","119.0","1","","","0","-3","-3","","","","","","","","","","","","","","","","1770"
"Josh Hall","P","24.2","0","","","0","0","0","","","","","","","","","","","","","","","","1784"
"Kevin Gregg","P","10.2","0","","","0","0","0","","","","","","","","","","","","","","","","1793"
"Jon Adkins","P","3.2","0","","","0","0","0","","","","","","","","","","","","","","","","1799"
"Joe Valentine","P","45.2","-1","","","0","1","0","","","","","","","","","","","","","","","","1810"
"Dan Serafini","P","30.0","0","","","0","-1","-2","","","","","","","","","","","","","","","","1812"
"Matt Belisle","P","341.2","0","","","0","-4","-5","","","","","","","","","","","","","","","","1837"
"Juan Cerros","P","13.0","0","","","0","0","0","","","","","","","","","","","","","","","","1839"
"Allan Simpson","P","6.2","0","","","0","0","0","","","","","","","","","","","","","","","","1864"
"Justin Germano","P","6.2","0","","","0","-1","-1","","","","","","","","","","","","","","","","1938"
"Elizardo Ramirez","P","142.2","1","","","0","-1","0","","","","","","","","","","","","","","","","1946"
"Chris Booker","P","2.0","0","","","0","0","0","","","","","","","","","","","","","","","","2039"
"Tom Shearn","P","32.2","0","","","0","0","0","","","","","","","","","","","","","","","","2040"
"Gary Majewski","P","78.0","1","","","0","-3","-2","","","","","","","","","","","","","","","","2131"
"Alfredo Simon","P","403.2","1","","","0","2","4","","","","","","","","","","","","","","","","2155"
"Justin Lehr","P","65.1","0","","","0","2","3","","","","","","","","","","","","","","","","2163"
"Mike Gosling","P","34.1","0","","","0","-2","-2","","","","","","","","","","","","","","","","2204"
"Brian Shackelford","P","46.0","1","","","0","0","1","","","","","","","","","","","","","","","","2461"
"Todd Coffey","P","206.1","0","","","0","-4","-4","","","","","","","","","","","","","","","","2467"
"Juan Padilla","P","14.1","0","","","0","0","0","","","","","","","","","","","","","","","","2532"
"Brad Salmon","P","24.0","0","","","0","1","1","","","","","","","","","","","","","","","","2625"
"Ramon Ramirez","P","39.1","0","","","0","0","0","","","","","","","","","","","","","","","","2899"
"Mike Burns","P","13.1","0","","","0","-1","-1","","","","","","","","","","","","","","","","2932"
"Josh Roenicke","P","16.1","0","","","0","0","0","","","","","","","","","","","","","","","","3241"
"Nate Adcock","P","18.0","-1","","","0","0","-1","","","","","","","","","","","","","","","","3282"
"Jumbo Diaz","P","138.0","0","","","0","-2","-4","","","","","","","","","","","","","","","","3397"
"Logan Ondrusek","P","270.2","1","","","-1","-2","-3","","","","","","","","","","","","","","","","3677"
"Skip Schumaker","P","1.0","0","","","0","0","0","","","","","","","","","","","","","","","","3704"
"Mat Latos","P","522.1","-2","","","-1","1","-2","","","","","","","","","","","","","","","","3815"
"Zach Duke","P","10.2","0","","","0","0","0","","","","","","","","","","","","","","","","3840"
"Marcus McBeth","P","19.2","-1","","","0","0","-1","","","","","","","","","","","","","","","","3874"
"Bobby Livingston","P","56.1","0","","","-1","3","2","","","","","","","","","","","","","","","","3876"
"Matt Magill","P","4.1","0","","","0","0","0","","","","","","","","","","","","","","","","3950"
"Edinson Volquez","P","417.0","-3","","","-1","2","-3","","","","","","","","","","","","","","","","3990"
"Enerio Del Rosario","P","8.2","0","","","0","-1","0","","","","","","","","","","","","","","","","4204"
"Micah Owings","P","153.0","0","","","0","0","-1","","","","","","","","","","","","","","","","4253"
"Manny Parra","P","115.0","0","","","1","-2","0","","","","","","","","","","","","","","","","4279"
"Daniel Herrera","P","92.0","1","","","0","2","3","","","","","","","","","","","","","","","","4552"
"Sam LeCure","P","320.2","0","","","1","2","4","","","","","","","","","","","","","","","","4664"
"Jeff Francis","P","5.0","0","","","0","0","0","","","","","","","","","","","","","","","","4684"
"Jose Arredondo","P","114.0","1","","","0","-1","0","","","","","","","","","","","","","","","","4722"
"Jonathan Broxton","P","101.1","-1","","","0","1","0","","","","","","","","","","","","","","","","4759"
"Greg Reynolds","P","29.1","0","","","0","0","0","","","","","","","","","","","","","","","","5712"
"Sean Marshall","P","85.1","1","","","0","3","4","","","","","","","","","","","","","","","","5905"
"Pedro Viola","P","7.0","0","","","0","0","0","","","","","","","","","","","","","","","","5971"
"Jon Coutlangus","P","41.0","0","","","0","0","1","","","","","","","","","","","","","","","","6182"
"Scott Feldman","P","111.1","-1","","","0","2","1","","","","","","","","","","","","","","","","6283"
"Daryl Thompson","P","17.1","0","","","0","0","0","","","","","","","","","","","","","","","","6603"
"Collin Balester","P","15.2","0","","","0","0","0","","","","","","","","","","","","","","","","6883"
"Johnny Cueto","P","1339.0","16","","","-1","9","26","","","","","","","","","","","","","","","","6893"
"Drew Storen","P","54.2","0","","","0","0","0","","","","","","","","","","","","","","","","6983"
"Trevor Bell","P","0.2","0","","","0","0","0","","","","","","","","","","","","","","","","7074"
"Ryan Mattheus","P","55.0","-2","","","-1","-1","-6","","","","","","","","","","","","","","","","7169"
"Nick Masset","P","240.1","0","","","-1","-3","-4","","","","","","","","","","","","","","","","7267"
"Paul Janish","P","2.0","0","","","0","0","0","","","","","","","","","","","","","","","","7412"
"Justin Freeman","P","1.0","0","","","0","0","0","","","","","","","","","","","","","","","","7568"
"Chad Reineke","P","6.2","0","","","0","0","0","","","","","","","","","","","","","","","","7641"
"David Holmberg","P","58.1","0","","","0","-1","-2","","","","","","","","","","","","","","","","7725"
"Ross Ohlendorf","P","65.2","0","","","0","-2","-2","","","","","","","","","","","","","","","","8268"
"JC Ramirez","P","32.1","1","","","0","-2","-1","","","","","","","","","","","","","","","","8302"
"Jared Burton","P","169.0","0","","","0","0","1","","","","","","","","","","","","","","","","8346"
"Homer Bailey","P","1124.0","-3","","","2","-1","-2","","","","","","","","","","","","","","","","8362"
"John Lamb","P","119.2","0","","","0","-2","-2","","","","","","","","","","","","","","","","8493"
"Bill Bray","P","174.1","0","","","0","-1","0","","","","","","","","","","","","","","","","8538"
"Phil Dumatrait","P","18.0","0","","","0","-1","-1","","","","","","","","","","","","","","","","8598"
"Donovan Hand","P","3.0","0","","","0","0","0","","","","","","","","","","","","","","","","8728"
"J.J. Hoover","P","242.1","0","","","0","-5","-5","","","","","","","","","","","","","","","","9037"
"Tim Melville","P","9.0","0","","","0","0","0","","","","","","","","","","","","","","","","9149"
"Ryan Dennick","P","4.2","0","","","0","0","0","","","","","","","","","","","","","","","","9261"
"Daniel Corcino","P","18.2","0","","","0","1","1","","","","","","","","","","","","","","","","9266"
"Dylan Axelrod","P","30.2","0","","","0","1","1","","","","","","","","","","","","","","","","9303"
"Dan Straily","P","191.1","0","","","0","0","0","","","","","","","","","","","","","","","","9460"
"Jordan Smith","P","62.0","0","","","0","-2","-2","","","","","","","","","","","","","","","","9515"
"Burke Badenhop","P","66.1","0","","","0","2","2","","","","","","","","","","","","","","","","9736"
"Carlos Fisher","P","98.2","1","","","0","1","1","","","","","","","","","","","","","","","","9832"
"Travis Wood","P","208.2","1","","","0","2","4","","","","","","","","","","","","","","","","9884"
"Pedro Villarreal","P","71.1","0","","","0","-1","-1","","","","","","","","","","","","","","","","9904"
"A.J. Morris","P","10.0","0","","","0","0","0","","","","","","","","","","","","","","","","9919"
"Matt Maloney","P","80.0","1","","","0","0","1","","","","","","","","","","","","","","","","9920"
"Todd Redmond","P","3.1","0","","","0","0","0","","","","","","","","","","","","","","","","9943"
"Keyvius Sampson","P","91.2","0","","","0","2","2","","","","","","","","","","","","","","","","10039"
"Caleb Cotham","P","24.1","0","","","0","-1","-1","","","","","","","","","","","","","","","","10075"
"Mike Leake","P","1028.1","4","","","2","16","25","","","","","","","","","","","","","","","","10130"
"Aroldis Chapman","P","319.0","1","","","0","-3","-1","","","","","","","","","","","","","","","","10233"
"Nick Christiani","P","17.0","0","","","0","0","0","","","","","","","","","","","","","","","","10332"
"Scooter Gennett","P","1.0","0","","","0","0","0","","","","","","","","","","","","","","","","10339"
"Carlos Contreras","P","47.1","0","","","0","0","0","","","","","","","","","","","","","","","","10386"
"Drew Hayes","P","9.2","0","","","0","0","0","","","","","","","","","","","","","","","","10528"
"Asher Wojciechowski","P","62.1","0","","","0","0","0","","","","","","","","","","","","","","","","10836"
"Josh Smith","P","92.1","-2","","","0","-2","-4","","","","","","","","","","","","","","","","10946"
"Jake Buchanan","P","14.1","0","","","0","0","0","","","","","","","","","","","","","","","","10962"
"Tim Adleman","P","192.0","2","","","0","0","2","","","","","","","","","","","","","","","","10968"
"Kevin Shackelford","P","30.2","0","","","0","0","0","","","","","","","","","","","","","","","","11012"
"Lisalverto Bonilla","P","36.2","0","","","0","-1","-1","","","","","","","","","","","","","","","","11266"
"Tyler Holt","P","1.0","0","","","0","0","0","","","","","","","","","","","","","","","","11391"
"Dayan Diaz","P","6.2","0","","","0","0","0","","","","","","","","","","","","","","","","11543"
"Deck McGuire","P","13.2","0","","","0","0","0","","","","","","","","","","","","","","","","11596"
"Steve Delabar","P","8.0","0","","","0","0","0","","","","","","","","","","","","","","","","11827"
"Tony Cingrani","P","292.2","7","","","0","2","9","","","","","","","","","","","","","","","","12555"
"Abel De Los Santos","P","5.2","0","","","0","0","0","","","","","","","","","","","","","","","","12962"
"Anthony DeSclafani","P","308.0","0","","","-1","-4","-5","","","","","","","","","","","","","","","","13050"
"Alejandro Chacin","P","6.0","0","","","0","0","0","","","","","","","","","","","","","","","","13530"
"Robert Stephenson","P","121.2","1","","","0","-2","-2","","","","","","","","","","","","","","","","13594"
"Sal Romano","P","87.0","1","","","0","0","1","","","","","","","","","","","","","","","","13690"
"Jon Moscot","P","33.0","0","","","0","-1","-2","","","","","","","","","","","","","","","","13849"
"Wandy Peralta","P","72.0","0","","","0","1","1","","","","","","","","","","","","","","","","14295"
"Amir Garrett","P","70.2","1","","","0","2","3","","","","","","","","","","","","","","","","14375"
"Jackson Stephens","P","25.0","0","","","0","-1","-1","","","","","","","","","","","","","","","","14420"
"Barrett Astin","P","8.0","0","","","0","1","1","","","","","","","","","","","","","","","","14812"
"Michael Lorenzen","P","246.1","0","","","0","-1","0","","","","","","","","","","","","","","","","14843"
"Rookie Davis","P","24.0","-1","","","0","0","-1","","","","","","","","","","","","","","","","14962"
"Luke Farrell","P","10.1","0","","","0","0","0","","","","","","","","","","","","","","","","15101"
"Daniel Wright","P","13.0","0","","","0","-1","-1","","","","","","","","","","","","","","","","15179"
"Cody Reed","P","65.1","-1","","","0","1","-1","","","","","","","","","","","","","","","","15232"
"Layne Somsen","P","2.1","0","","","0","0","0","","","","","","","","","","","","","","","","15301"
"Ariel Hernandez","P","24.1","-1","","","0","0","-1","","","","","","","","","","","","","","","","15603"
"Luis Castillo","P","89.1","0","","","0","0","0","","","","","","","","","","","","","","","","15689"
"Keury Mella","P","4.0","0","","","0","0","0","","","","","","","","","","","","","","","","15964"
"Brandon Finnegan","P","208.2","0","","","0","1","0","","","","","","","","","","","","","","","","16208"
"Tyler Mahle","P","20.0","0","","","0","0","0","","","","","","","","","","","","","","","","16358"
"Raisel Iglesias","P","249.2","0","","","0","4","4","","","","","","","","","","","","","","","","17130"
"Austin Brice","P","32.2","0","","","0","0","0","","","","","","","","","","","","","","","","17237"
