"Name","Pos","G","GS","Inn","PO","A","E","FE","TE","DP","DPS","DPT","DPF","Scp","SB","CS","PB","WP","FP","TZ","playerid"
"Cesar Geronimo","OF","1148","850","8218.1","2593","71","29","","","18","","","","","","","","",".989","61","1004639"
"Pop Corkhill","OF","644","","","1264","145","88","","","28","","","","","","","","",".941","57","1002629"
"George Foster","OF","1320","1139","10224.2","2569","76","33","","","17","","","","","","","","",".988","55","1004250"
"Pete Rose","OF","1273","1245","11154.1","2485","96","21","","","15","","","","","","","","",".992","50","1011217"
"Reggie Sanders","OF","833","759","6685.0","1682","54","38","","","11","","","","","","","","",".979","47","1129"
"Frank Robinson","OF","1331","1244","11067.1","2529","87","38","","","17","","","","","","","","",".986","44","1011066"
"Paul O'Neill","OF","724","664","5926.1","1398","53","17","","","5","","","","","","","","",".988","38","1009818"
"Ival Goodman","OF","904","","","1876","76","51","","","13","","","","","","","","",".975","36","1004857"
"Eddie Milner","OF","659","520","4852.0","1565","46","22","","","7","","","","","","","","",".987","36","1008964"
"Curt Walker","OF","923","","","2014","87","73","","","31","","","","","","","","",".966","30","1013510"
"Mike Cameron","OF","146","142","1260.2","372","7","8","","","3","","","","","","","","",".979","24","1070"
"Charley Jones","OF","482","","","884","76","125","","","10","","","","","","","","",".885","23","1006535"
"Cy Seymour","OF","554","","","1314","79","94","","","24","","","","","","","","",".937","22","1011777"
"Bobby Tolan","OF","592","559","4990.1","1386","30","32","","","7","","","","","","","","",".978","22","1013100"
"Harry Craft","OF","552","","","1394","46","21","","","13","","","","","","","","",".986","21","1002718"
"Greasy Neale","OF","720","","","1553","87","45","","","22","","","","","","","","",".973","21","1009474"
"Fred Odwell","OF","393","","","780","55","31","","","13","","","","","","","","",".964","20","1009735"
"Tommy Harper","OF","670","569","5170.0","1121","27","12","","","6","","","","","","","","",".990","18","1005383"
"Mike Mitchell","OF","842","","","1508","135","68","","","34","","","","","","","","",".960","18","1009007"
"Joe Sommer","OF","174","","","359","20","47","","","3","","","","","","","","",".890","17","1012275"
"Mike McCormick","OF","271","","","665","21","12","","","5","","","","","","","","",".983","16","1008419"
"Jeffrey Hammonds","OF","145","78","788.0","221","8","1","","","3","","","","","","","","",".996","14","687"
"Eddie Burke","OF","287","","","661","34","52","","","10","","","","","","","","",".930","14","1001678"
"George Burns","OF","400","","","881","44","31","","","10","","","","","","","","",".968","14","1001708"
"Joe Adcock","OF","267","","","587","19","13","","","6","","","","","","","","",".979","13","1000067"
"Wally Post","OF","811","448","4041.1","1540","75","51","","","13","","","","","","","","",".969","13","1010468"
"Pete Whisenant","OF","147","79","756.1","209","5","2","","","2","","","","","","","","",".991","13","1013844"
"Michael Tucker","OF","344","183","1800.2","461","21","10","","","1","","","","","","","","",".980","12","635"
"Babe Herman","OF","314","","","723","26","23","","","6","","","","","","","","",".970","12","1005691"
"Dusty Miller","OF","608","","","1085","105","96","","","25","","","","","","","","",".925","12","1008887"
"Dain Clay","OF","403","","","1072","26","14","","","6","","","","","","","","",".987","11","1002326"
"Pat Duncan","OF","706","","","1465","70","47","","","13","","","","","","","","",".970","11","1003555"
"Eric Tipton","OF","419","","","945","21","20","","","4","","","","","","","","",".980","11","1013080"
"Alex Ochoa","OF","202","133","1248.0","301","10","5","","","2","","","","","","","","",".984","10","700"
"Hugh Nicol","OF","411","","","611","65","51","","","11","","","","","","","","",".930","10","1009574"
"Kip Selbach","OF","140","","","355","27","19","","","10","","","","","","","","",".953","10","1011731"
"Darren Lewis","OF","57","37","383.1","122","3","1","","","0","","","","","","","","",".992","9","286"
"Chris Stynes","OF","136","102","912.1","210","10","2","","","2","","","","","","","","",".991","8","303"
"Rube Bressler","OF","434","","","890","37","34","","","10","","","","","","","","",".965","8","1001398"
"Jim Canavan","OF","212","","","431","24","40","","","6","","","","","","","","",".919","8","1001906"
"Bernie Carbo","OF","213","201","1699.2","353","15","7","","","2","","","","","","","","",".981","8","1001935"
"Jim Greengrass","OF","318","","","724","21","18","","","0","","","","","","","","",".976","8","1005000"
"Cliff Heathcote","OF","59","","","164","13","2","","","4","","","","","","","","",".989","8","1005559"
"Dode Paskert","OF","377","","","870","56","38","","","12","","","","","","","","",".961","8","1010042"
"Gee Walker","OF","400","","","924","22","28","","","6","","","","","","","","",".971","8","1013519"
"Greg Vaughn","OF","144","144","1191.1","264","8","4","","","2","","","","","","","","",".986","7","1233"
"Peanuts Lowrey","OF","150","","","355","11","3","","","3","","","","","","","","",".992","7","1007794"
"Sam Mejias","OF","140","26","473.1","121","5","2","","","1","","","","","","","","",".984","7","1008742"
"Mel Queen","OF","54","26","293.0","80","1","1","","","0","","","","","","","","",".988","7","1010592"
"Harry Heilmann","OF","106","","","279","16","14","","","5","","","","","","","","",".955","6","1005590"
"Red Killefer","OF","255","","","532","28","18","","","7","","","","","","","","",".969","6","1006907"
"Eddie Lukon","OF","162","","","346","11","4","","","4","","","","","","","","",".989","6","1007828"
"Jimmy Macullar","OF","93","","","158","14","15","","","2","","","","","","","","",".920","6","1007936"
"Sherry Magee","OF","126","","","268","11","4","","","1","","","","","","","","",".986","6","1007965"
"George Tebeau","OF","339","","","611","52","78","","","8","","","","","","","","",".895","6","1012899"
"Brian Hunter","OF","25","9","100.0","30","4","1","","","0","","","","","","","","",".971","5","562"
"Ruben Rivera","OF","101","56","585.1","170","4","3","","","2","","","","","","","","",".983","5","1550"
"Bob Bescher","OF","733","","","1565","90","71","","","18","","","","","","","","",".959","5","1000921"
"Glenn Braggs","OF","227","181","1605.0","349","15","15","","","4","","","","","","","","",".960","5","1001333"
"Sam Crawford","OF","393","","","710","71","52","","","15","","","","","","","","",".938","5","1002748"
"Max Marshall","OF","317","","","616","21","16","","","9","","","","","","","","",".976","5","1008143"
"Bip Roberts","OF","98","79","620.2","152","1","2","","","0","","","","","","","","",".987","5","1011023"
"Pat Watkins","OF","95","36","422.2","109","2","3","","","0","","","","","","","","",".974","5","1013672"
"Lenny Harris","OF","129","66","636.2","132","7","4","","","0","","","","","","","","",".972","4","1394"
"Ethan Allen","OF","388","","","1031","30","16","","","9","","","","","","","","",".985","4","1000139"
"Morrie Arnovich","OF","60","","","129","5","0","","","0","","","","","","","","","1.000","4","1000322"
"Nino Bongiovanni","OF","41","","","95","1","1","","","1","","","","","","","","",".990","4","1001164"
"Estel Crabtree","OF","280","","","689","33","19","","","11","","","","","","","","",".974","4","1002714"
"Bert Daniels","OF","71","","","144","7","4","","","2","","","","","","","","",".974","4","1002967"
"Curtis Goodwin","OF","117","94","882.2","223","3","2","","","2","","","","","","","","",".991","4","1004863"
"Chuck Harmon","OF","38","0","18.0","80","2","0","","","1","","","","","","","","","1.000","4","1005372"
"George Hogriever","OF","66","","","174","10","13","","","3","","","","","","","","",".934","4","1005929"
"Tracy Jones","OF","159","114","1060.0","277","5","4","","","0","","","","","","","","",".986","4","1006600"
"Mike Lum","OF","109","73","670.0","155","6","1","","","2","","","","","","","","",".994","4","1007831"
"Carmelo Martinez","OF","16","16","115.2","35","1","0","","","0","","","","","","","","","1.000","4","1008157"
"Stan Palys","OF","65","6","61.0","131","3","2","","","0","","","","","","","","",".985","4","1009978"
"Elmer Smith","OF","242","","","524","30","37","","","9","","","","","","","","",".937","4","1012134"
"Jerome Walton","OF","121","38","453.2","128","3","2","","","0","","","","","","","","",".985","4","1013593"
"Tony Criscola","OF","35","","","80","4","2","","","0","","","","","","","","",".977","3","1002772"
"Phil Geier","OF","27","","","59","5","4","","","0","","","","","","","","",".941","3","1004600"
"George Harper","OF","160","","","327","21","15","","","2","","","","","","","","",".959","3","1005378"
"Bob Hazle","OF","3","","","12","1","0","","","0","","","","","","","","","1.000","3","1005540"
"George Henry","OF","21","","","49","6","2","","","1","","","","","","","","",".965","3","1005672"
"Dummy Hoy","OF","553","","","1360","71","128","","","18","","","","","","","","",".918","3","1006111"
"Joe Knight","OF","127","","","224","11","19","","","0","","","","","","","","",".925","3","1007040"
"Wally Roettger","OF","193","","","433","10","6","","","5","","","","","","","","",".987","3","1011125"
"Ted Savage","OF","44","18","210.1","55","0","1","","","0","","","","","","","","",".982","3","1011470"
"Max Venable","OF","105","46","502.0","128","3","2","","","0","","","","","","","","",".985","3","1013401"
"Herm Winningham","OF","263","135","1471.0","405","9","8","","","0","","","","","","","","",".981","3","1014139"
"Ruben Sierra","OF","24","22","185.2","34","3","0","","","0","","","","","","","","","1.000","2","1099"
"Tony Tarasco","OF","7","4","40.2","10","0","0","","","0","","","","","","","","","1.000","2","1486"
"Pete Browning","OF","137","","","255","19","24","","","2","","","","","","","","",".920","2","1001554"
"Vince Coleman","OF","20","17","150.2","28","2","1","","","0","","","","","","","","",".968","2","1002433"
"Dusty Cooke","OF","51","","","126","4","5","","","1","","","","","","","","",".963","2","1002568"
"Hector Cruz","OF","115","63","629.2","162","7","4","","","3","","","","","","","","",".977","2","1002839"
"Kiddo Davis","OF","40","","","101","2","4","","","0","","","","","","","","",".963","2","1003064"
"Nick Esasky","OF","97","95","739.1","166","7","0","","","2","","","","","","","","","1.000","2","1003818"
"Mike Frank","OF","28","20","201.2","60","1","0","","","0","","","","","","","","","1.000","2","1004302"
"Buddy Gilbert","OF","6","6","47.0","15","0","0","","","0","","","","","","","","","1.000","2","1004687"
"Lefty Houtz","OF","5","","","17","4","0","","","2","","","","","","","","","1.000","2","1006067"
"Brian Hunter","OF","9","6","58.1","15","1","0","","","0","","","","","","","","","1.000","2","1006197"
"Dave Martinez","OF","114","81","771.0","226","7","2","","","3","","","","","","","","",".992","2","1008160"
"Jack McCarthy","OF","72","","","132","13","18","","","0","","","","","","","","",".890","2","1008371"
"Jim Pendleton","OF","24","9","98.1","32","1","1","","","0","","","","","","","","",".971","2","1010156"
"Harry Rice","OF","141","","","315","14","3","","","3","","","","","","","","",".991","2","1010895"
"Johnny Rizzo","OF","30","","","68","6","2","","","2","","","","","","","","",".974","2","1011009"
"Hank Sauer","OF","207","","","462","21","16","","","7","","","","","","","","",".968","2","1011459"
"Art Schult","OF","6","6","42.0","13","0","0","","","0","","","","","","","","","1.000","2","1011624"
"Mike Slattery","OF","41","","","91","4","6","","","1","","","","","","","","",".941","2","1012056"
"Van Snider","OF","16","7","79.2","21","0","0","","","0","","","","","","","","","1.000","2","1012231"
"Ecky Stearns","OF","12","","","23","5","6","","","0","","","","","","","","",".824","2","1012445"
"Tommy Tatum","OF","49","","","117","6","0","","","3","","","","","","","","","1.000","2","1012844"
"Joe Taylor","OF","27","24","217.1","63","3","2","","","1","","","","","","","","",".971","2","1012880"
"Jim Thorpe","OF","69","","","143","7","6","","","2","","","","","","","","",".962","2","1013044"
"Curt Welch","OF","25","","","60","2","5","","","1","","","","","","","","",".925","2","1013751"
"Harry Wheeler","OF","64","","","94","11","25","","","1","","","","","","","","",".808","2","1013837"
"Adam Dunn","OF","1000","956","8232.1","1759","50","59","47","10","1","7","0","0","","","","","",".968","1","319"
"Ken Griffey Jr.","OF","853","846","7289.0","1888","46","34","19","7","3","5","0","0","","","","","",".983","1","327"
"Damian Jackson","OF","3","2","19.0","6","0","0","","","0","","","","","","","","","1.000","1","471"
"Wilton Guerrero","OF","6","2","24.0","6","0","0","","","0","","","","","","","","","1.000","1","1378"
"Jim Beauchamp","OF","22","15","128.0","38","0","0","","","0","","","","","","","","","1.000","1","1000732"
"Beals Becker","OF","28","","","64","3","2","","","2","","","","","","","","",".971","1","1000740"
"Elio Chacon","OF","10","0","21.0","4","0","0","","","0","","","","","","","","","1.000","1","1002109"
"Ty Cline","OF","49","23","247.2","61","1","1","","","1","","","","","","","","",".984","1","1002355"
"Chuck Coles","OF","4","4","29.0","12","1","0","","","0","","","","","","","","","1.000","1","1002435"
"Dave Concepcion","OF","8","5","45.0","17","0","0","","","0","","","","","","","","","1.000","1","1002494"
"Nino Escalera","OF","14","","","22","3","1","","","1","","","","","","","","",".962","1","1003819"
"Cecil Espy","OF","19","11","110.0","24","2","2","","","0","","","","","","","","",".929","1","1003832"
"Al Ferrara","OF","5","3","23.2","7","0","0","","","0","","","","","","","","","1.000","1","1004003"
"Glen Gorbous","OF","5","","","12","0","2","","","0","","","","","","","","",".857","1","1004871"
"Willie Greene","OF","81","62","533.0","127","2","2","","","1","","","","","","","","",".985","1","1005015"
"Joe Hague","OF","24","24","156.0","32","2","0","","","1","","","","","","","","","1.000","1","1005200"
"Paul Householder","OF","299","218","2125.1","488","21","4","","","4","","","","","","","","",".992","1","1006063"
"Charlie James","OF","7","6","51.0","10","0","1","","","0","","","","","","","","",".909","1","1006346"
"Stan Jefferson","OF","6","3","29.2","4","0","0","","","0","","","","","","","","","1.000","1","1006382"
"Jeff Jones","OF","13","12","109.2","28","1","0","","","0","","","","","","","","","1.000","1","1006567"
"Frankie Kelleher","OF","31","","","69","1","1","","","1","","","","","","","","",".986","1","1006771"
"Alan Knicely","OF","8","8","58.0","13","1","0","","","1","","","","","","","","","1.000","1","1007035"
"Ray Knight","OF","8","3","32.0","9","1","0","","","0","","","","","","","","","1.000","1","1007043"
"Al Libke","OF","223","","","414","27","15","","","10","","","","","","","","",".967","1","1007595"
"Whitey Lockman","OF","1","0","2.0","2","0","0","","","0","","","","","","","","","1.000","1","1007694"
"Bob Marquis","OF","10","","","19","0","2","","","0","","","","","","","","",".905","1","1008118"
"Leech Maskrey","OF","26","","","46","4","4","","","1","","","","","","","","",".926","1","1008214"
"Lee May","OF","90","74","660.0","142","6","2","","","1","","","","","","","","",".987","1","1008303"
"Sam Mele","OF","13","","","24","0","1","","","0","","","","","","","","",".960","1","1008747"
"Lloyd Merriman","OF","297","","","755","16","11","","","4","","","","","","","","",".986","1","1008791"
"Eddie Miksis","OF","33","2","82.2","25","0","0","","","0","","","","","","","","","1.000","1","1008854"
"Tip O'Neill","OF","109","","","188","13","17","","","3","","","","","","","","",".922","1","1009821"
"John Reilly","OF","75","","","112","13","9","","","1","","","","","","","","",".933","1","1010803"
"Charlie See","OF","51","","","112","7","4","","","3","","","","","","","","",".968","1","1011715"
"Ted Uhlaender","OF","28","21","189.2","37","3","1","","","0","","","","","","","","",".976","1","1013264"
"Mike Vail","OF","55","45","355.0","78","7","1","","","0","","","","","","","","",".988","1","1013309"
"Lee Walls","OF","24","22","196.2","46","2","2","","","1","","","","","","","","",".960","1","1013563"
"Jo-Jo White","OF","23","","","55","4","0","","","0","","","","","","","","","1.000","1","1013881"
"Al Wickland","OF","24","","","57","2","1","","","1","","","","","","","","",".983","1","1013920"
"Nigel Wilson","OF","2","0","11.1","2","0","0","","","0","","","","","","","","","1.000","1","1014099"
"Jason LaRue","OF","5","0","5.2","3","0","0","0","0","0","0","0","0","","","","","","1.000","0","337"
"Kerry Robinson","OF","2","0","5.0","0","0","0","","","0","","","","","","","","",".000","0","1179"
"Mark Sweeney","OF","1","0","1.0","1","0","0","","","0","","","","","","","","","1.000","0","1408"
"Raul Gonzalez","OF","8","7","59.0","15","1","0","0","0","0","0","0","0","","","","","","1.000","0","1553"
"Roberto Petagine","OF","16","11","85.0","28","0","0","","","0","","","","","","","","","1.000","0","8607"
"Bobby Adams","OF","3","","","2","0","0","","","0","","","","","","","","","1.000","0","1000045"
"Chuck Aleno","OF","2","","","2","0","0","","","0","","","","","","","","","1.000","0","1000119"
"Rafael Almeida","OF","3","","","3","0","0","","","0","","","","","","","","","1.000","0","1000173"
"Dave Altizer","OF","1","","","2","0","0","","","0","","","","","","","","","1.000","0","1000188"
"Ed Armbrister","OF","101","44","454.0","92","8","8","","","2","","","","","","","","",".926","0","1000307"
"Ken Ash","OF","1","","","1","0","0","","","0","","","","","","","","","1.000","0","1000338"
"Chick Autry","OF","7","","","13","0","1","","","0","","","","","","","","",".929","0","1000376"
"Bobby Balcena","OF","2","0","3.0","1","0","0","","","0","","","","","","","","","1.000","0","1000474"
"Kid Baldwin","OF","22","","","29","3","5","","","0","","","","","","","","",".865","0","1000482"
"Mike Balenti","OF","1","","","0","0","0","","","0","","","","","","","","",".000","0","1000488"
"Skeeter Barnes","OF","3","1","7.0","1","0","0","","","0","","","","","","","","","1.000","0","1000575"
"Jimmy Barrett","OF","167","","","332","28","27","","","7","","","","","","","","",".930","0","1000596"
"Shad Barry","OF","32","","","49","7","5","","","0","","","","","","","","",".918","0","1000619"
"Kimera Bartee","OF","3","0","6.0","1","0","0","","","0","","","","","","","","","1.000","0","1000622"
"Dick Bayless","OF","19","","","29","6","2","","","2","","","","","","","","",".946","0","1000699"
"Johnny Beall","OF","16","","","31","4","1","","","1","","","","","","","","",".972","0","1000704"
"Erve Beck","OF","6","","","9","0","1","","","0","","","","","","","","",".900","0","1000748"
"Fred Beck","OF","16","","","25","2","0","","","0","","","","","","","","","1.000","0","1000752"
"Geronimo Berroa","OF","3","3","18.0","2","1","0","","","0","","","","","","","","","1.000","0","1000900"
"Paul Blair","OF","77","37","365.1","113","1","1","","","0","","","","","","","","",".991","0","1001031"
"Linc Blakely","OF","28","","","72","4","1","","","2","","","","","","","","",".987","0","1001037"
"Ned Bligh","OF","1","","","0","0","0","","","0","","","","","","","","",".000","0","1001073"
"Sam Bohne","OF","4","","","7","0","0","","","0","","","","","","","","","1.000","0","1001130"
"Buddy Bradford","OF","67","25","289.1","65","2","1","","","1","","","","","","","","",".985","0","1001299"
"Dave Brain","OF","16","","","36","0","2","","","0","","","","","","","","",".947","0","1001335"
"Angel Bravo","OF","22","6","69.1","15","1","1","","","0","","","","","","","","",".941","0","1001367"
"Ted Breitenstein","OF","21","","","36","5","6","","","0","","","","","","","","",".872","0","1001383"
"Rocky Bridges","OF","1","0","1.1","0","0","0","","","0","","","","","","","","",".000","0","1001420"
"Al Bridwell","OF","18","","","23","2","2","","","0","","","","","","","","",".926","0","1001422"
"Sammy Byrd","OF","152","","","370","11","10","","","2","","","","","","","","",".974","0","1001796"
"Marty Callaghan","OF","123","","","282","8","5","","","4","","","","","","","","",".983","0","1001846"
"Gilly Campbell","OF","1","","","3","0","0","","","0","","","","","","","","","1.000","0","1001878"
"Hick Carpenter","OF","1","","","0","0","0","","","0","","","","","","","","",".000","0","1001979"
"Bob Caruthers","OF","13","","","23","1","4","","","0","","","","","","","","",".857","0","1002026"
"Elton Chamberlain","OF","1","","","3","0","0","","","0","","","","","","","","","1.000","0","1002122"
"Hal Chase","OF","27","","","54","0","0","","","0","","","","","","","","","1.000","0","1002163"
"Jimmie Coker","OF","2","0","4.0","0","0","0","","","0","","","","","","","","",".000","0","1002403"
"Charlie Comiskey","OF","1","","","0","0","0","","","0","","","","","","","","",".000","0","1002484"
"Cliff Cook","OF","4","0","4.2","1","1","0","","","0","","","","","","","","","1.000","0","1002565"
"Bob Coulson","OF","6","","","15","1","0","","","0","","","","","","","","","1.000","0","1002673"
"Fritz Coumbe","OF","3","","","4","0","0","","","0","","","","","","","","","1.000","0","1002675"
"Pete Cregan","OF","6","","","10","0","3","","","0","","","","","","","","",".769","0","1002759"
"Ned Crompton","OF","1","","","0","0","0","","","0","","","","","","","","",".000","0","1002789"
"Terry Crowley","OF","26","25","162.1","31","2","0","","","0","","","","","","","","","1.000","0","1002829"
"Tom Daley","OF","13","","","17","2","0","","","1","","","","","","","","","1.000","0","1002946"
"Lefty Davis","OF","70","","","160","11","5","","","3","","","","","","","","",".972","0","1003066"
"Ren Deagle","OF","1","","","0","0","0","","","0","","","","","","","","",".000","0","1003099"
"Arturo DeFreitas","OF","1","0","2.0","0","0","0","","","0","","","","","","","","",".000","0","1003141"
"Mike Dejan","OF","2","","","4","0","0","","","0","","","","","","","","","1.000","0","1003149"
"Jim Delahanty","OF","2","","","1","0","0","","","0","","","","","","","","","1.000","0","1003157"
"Vince DiMaggio","OF","8","","","13","1","0","","","1","","","","","","","","","1.000","0","1003312"
"Bill Doran","OF","6","5","42.1","11","0","0","","","0","","","","","","","","","1.000","0","1003406"
"Taylor Douthit","OF","183","","","537","12","9","","","5","","","","","","","","",".984","0","1003438"
"Tom Downey","OF","1","","","1","0","0","","","0","","","","","","","","","1.000","0","1003449"
"Jim Doyle","OF","1","","","0","0","0","","","0","","","","","","","","",".000","0","1003464"
"Chuck Dressen","OF","5","","","6","0","0","","","0","","","","","","","","","1.000","0","1003492"
"Mariano Duncan","OF","12","9","73.0","17","0","0","","","0","","","","","","","","","1.000","0","1003554"
"Jesse Duryea","OF","4","","","2","0","0","","","0","","","","","","","","","1.000","0","1003599"
"Frank Emmer","OF","2","","","1","0","1","","","0","","","","","","","","",".500","0","1003770"
"Bob Ewing","OF","17","","","16","3","1","","","0","","","","","","","","",".950","0","1003880"
"Frank Fennelly","OF","4","","","3","0","3","","","0","","","","","","","","",".500","0","1003980"
"Steve Filipowicz","OF","7","","","10","1","0","","","0","","","","","","","","","1.000","0","1004043"
"Bob Fisher","OF","1","","","0","0","0","","","0","","","","","","","","",".000","0","1004076"
"Paul Fittery","OF","1","","","1","0","0","","","0","","","","","","","","","1.000","0","1004104"
"Dee Fondy","OF","22","11","110.0","23","0","0","","","0","","","","","","","","","1.000","0","1004204"
"Lew Fonseca","OF","16","","","32","0","2","","","0","","","","","","","","",".941","0","1004205"
"Frank Foreman","OF","2","","","0","0","0","","","0","","","","","","","","",".000","0","1004229"
"Gene Freese","OF","1","0","1.0","0","0","0","","","0","","","","","","","","",".000","0","1004328"
"Jim Fridley","OF","2","1","10.0","1","0","0","","","0","","","","","","","","","1.000","0","1004350"
"Chick Fulmer","OF","2","","","1","4","1","","","0","","","","","","","","",".833","0","1004400"
"Phil Gagliano","OF","1","1","6.0","2","0","0","","","0","","","","","","","","","1.000","0","1004425"
"Frank Genins","OF","14","","","22","2","1","","","0","","","","","","","","",".960","0","1004610"
"Keith Gordon","OF","2","1","10.0","2","0","0","","","0","","","","","","","","","1.000","0","1004875"
"Tommy Gregg","OF","4","2","18.0","2","0","0","","","0","","","","","","","","","1.000","0","1005021"
"Bill Gray","OF","4","","","0","0","0","","","0","","","","","","","","",".000","0","1005031"
"Bert Haas","OF","89","","","221","3","9","","","0","","","","","","","","",".961","0","1005168"
"Bud Hafey","OF","4","","","7","0","0","","","0","","","","","","","","","1.000","0","1005190"
"Noodles Hahn","OF","1","","","0","0","0","","","0","","","","","","","","",".000","0","1005205"
"Jocko Halligan","OF","87","","","127","10","22","","","2","","","","","","","","",".862","0","1005249"
"Grady Hatton","OF","5","","","3","0","1","","","0","","","","","","","","",".750","0","1005496"
"Bobby Henrich","OF","6","0","7.0","2","0","0","","","0","","","","","","","","","1.000","0","1005661"
"Cesar Hernandez","OF","43","8","152.1","50","4","2","","","1","","","","","","","","",".964","0","1005698"
"Buck Herzog","OF","1","","","0","0","0","","","0","","","","","","","","",".000","0","1005745"
"Ed Hock","OF","2","","","6","0","0","","","0","","","","","","","","","1.000","0","1005875"
"Kenny Hogan","OF","1","","","0","0","0","","","0","","","","","","","","",".000","0","1005922"
"Marty Hogan","OF","6","","","10","1","2","","","0","","","","","","","","",".846","0","1005923"
"Bill Holden","OF","10","","","12","1","0","","","0","","","","","","","","","1.000","0","1005941"
"Buster Hoover","OF","14","","","25","3","1","","","2","","","","","","","","",".966","0","1006006"
"Keith Hughes","OF","2","0","3.1","0","0","0","","","0","","","","","","","","",".000","0","1006159"
"Emil Huhn","OF","1","","","0","0","0","","","0","","","","","","","","",".000","0","1006170"
"Charlie Irwin","OF","6","","","9","1","0","","","0","","","","","","","","","1.000","0","1006278"
"Hal Jeffcoat","OF","1","0","2.0","1","0","0","","","0","","","","","","","","","1.000","0","1006377"
"Robin Jennings","OF","15","13","107.1","23","2","3","","","1","","","","","","","","",".893","0","1006397"
"Alex Johnson","OF","274","269","2313.1","465","11","32","","","3","","","","","","","","",".937","0","1006418"
"Chris Jones","OF","30","15","145.0","27","1","0","","","0","","","","","","","","","1.000","0","1006539"
"Pinky Jorgensen","OF","4","","","6","1","1","","","0","","","","","","","","",".875","0","1006624"
"Alex Kampouris","OF","1","","","1","0","0","","","0","","","","","","","","","1.000","0","1006685"
"Heinie Kappel","OF","7","","","9","1","1","","","0","","","","","","","","",".909","0","1006695"
"Bill Kellogg","OF","2","","","0","0","0","","","0","","","","","","","","",".000","0","1006788"
"Win Kellum","OF","5","","","5","0","0","","","0","","","","","","","","","1.000","0","1006791"
"George Kelly","OF","15","","","34","1","2","","","1","","","","","","","","",".946","0","1006799"
"Mike Kelly","OF","76","43","420.1","122","3","3","","","1","","","","","","","","",".977","0","1006809"
"Rudy Kemmler","OF","1","","","0","0","0","","","0","","","","","","","","",".000","0","1006825"
"Dan Kerwin","OF","2","","","1","0","1","","","0","","","","","","","","",".500","0","1006876"
"Ed Kippert","OF","2","","","1","0","0","","","0","","","","","","","","","1.000","0","1006957"
"Ollie Klee","OF","1","","","0","0","0","","","0","","","","","","","","",".000","0","1006990"
"Pete Knisely","OF","13","","","27","4","2","","","2","","","","","","","","",".939","0","1007044"
"Larry Kopf","OF","2","","","1","0","0","","","0","","","","","","","","","1.000","0","1007105"
"Ernie Koy","OF","49","","","92","3","1","","","1","","","","","","","","",".990","0","1007129"
"Andy Kyle","OF","7","","","15","1","0","","","0","","","","","","","","","1.000","0","1007228"
"Arlie Latham","OF","2","","","0","0","0","","","0","","","","","","","","",".000","0","1007371"
"Garland Lawing","OF","1","","","0","0","0","","","0","","","","","","","","",".000","0","1007393"
"Tommy Leach","OF","96","","","200","9","9","","","2","","","","","","","","",".959","0","1007428"
"Cliff Lee","OF","1","","","0","0","0","","","0","","","","","","","","",".000","0","1007450"
"Red Lucas","OF","1","","","0","0","0","","","0","","","","","","","","",".000","0","1007808"
"Henry Luff","OF","1","","","2","0","0","","","0","","","","","","","","","1.000","0","1007822"
"Jim Maloney","OF","1","0","1.0","1","0","0","","","0","","","","","","","","","1.000","0","1008039"
"Willard Marshall","OF","200","","","375","24","4","","","3","","","","","","","","",".990","0","1008148"
"Frank McCormick","OF","1","","","1","0","0","","","0","","","","","","","","","1.000","0","1008413"
"Harry McCormick","OF","2","","","1","0","0","","","0","","","","","","","","","1.000","0","1008414"
"Herm McFarland","OF","17","","","29","1","1","","","0","","","","","","","","",".968","0","1008492"
"Larry McKeon","OF","1","","","0","0","0","","","0","","","","","","","","",".000","0","1008596"
"Kid McLaughlin","OF","2","","","1","0","0","","","0","","","","","","","","","1.000","0","1008616"
"Hal McRae","OF","153","131","1059.2","229","7","9","","","1","","","","","","","","",".963","0","1008687"
"Bill Merritt","OF","1","","","0","0","0","","","0","","","","","","","","",".000","0","1008784"
"Doc Miller","OF","47","","","79","2","2","","","1","","","","","","","","",".976","0","1008886"
"Ward Miller","OF","52","","","95","9","4","","","1","","","","","","","","",".963","0","1008939"
"Clarence Mitchell","OF","8","","","13","0","0","","","0","","","","","","","","","1.000","0","1008998"
"Gene Moore","OF","3","","","8","0","0","","","0","","","","","","","","","1.000","0","1009110"
"Herbie Moran","OF","107","","","175","11","9","","","4","","","","","","","","",".954","0","1009149"
"Jo-Jo Morrissey","OF","1","","","0","0","0","","","0","","","","","","","","",".000","0","1009218"
"Howie Moss","OF","6","","","11","1","0","","","0","","","","","","","","","1.000","0","1009249"
"Bill Mountjoy","OF","2","","","2","1","0","","","1","","","","","","","","","1.000","0","1009266"
"Mike Mowrey","OF","3","","","10","0","1","","","0","","","","","","","","",".909","0","1009271"
"Hy Myers","OF","3","","","5","0","0","","","0","","","","","","","","","1.000","0","1009423"
"Joe Oliver","OF","4","2","18.0","2","0","0","","","0","","","","","","","","","1.000","0","1009778"
"Mike O'Neill","OF","9","","","18","1","3","","","0","","","","","","","","",".864","0","1009816"
"Claude Osteen","OF","1","0","1.0","0","0","0","","","0","","","","","","","","",".000","0","1009878"
"Clare Patterson","OF","2","","","4","0","0","","","0","","","","","","","","","1.000","0","1010057"
"George Pechiney","OF","4","","","3","0","0","","","0","","","","","","","","","1.000","0","1010113"
"Steve Pegues","OF","4","0","12.1","5","0","1","","","0","","","","","","","","",".833","0","1010130"
"Jimmy Peoples","OF","11","","","19","4","2","","","0","","","","","","","","",".920","0","1010166"
"Ted Petoskey","OF","4","","","7","1","0","","","1","","","","","","","","","1.000","0","1010243"
"Art Phelan","OF","3","","","3","0","0","","","0","","","","","","","","","1.000","0","1010272"
"Bill Phillips","OF","2","","","1","0","2","","","0","","","","","","","","",".333","0","1010282"
"Tony Piet","OF","1","","","1","0","0","","","0","","","","","","","","","1.000","0","1010342"
"Vada Pinson","OF","1565","1538","13713.0","3553","109","73","","","16","","","","","","","","",".981","0","1010360"
"Ed Poole","OF","1","","","1","0","1","","","0","","","","","","","","",".500","0","1010433"
"Abner Powell","OF","13","","","16","3","6","","","0","","","","","","","","",".760","0","1010479"
"John Powers","OF","5","2","22.1","4","0","0","","","0","","","","","","","","","1.000","0","1010500"
"Phil Powers","OF","17","","","19","3","4","","","0","","","","","","","","",".846","0","1010503"
"Pid Purdy","OF","119","","","256","6","9","","","1","","","","","","","","",".967","0","1010571"
"Charley Radbourn","OF","2","","","1","0","0","","","0","","","","","","","","","1.000","0","1010631"
"Chucho Ramos","OF","3","","","5","0","0","","","0","","","","","","","","","1.000","0","1010676"
"Morrie Rath","OF","1","","","0","0","0","","","0","","","","","","","","",".000","0","1010709"
"Jeremiah Reardon","OF","1","","","1","0","0","","","0","","","","","","","","","1.000","0","1010742"
"Icicle Reeder","OF","3","","","3","0","0","","","0","","","","","","","","","1.000","0","1010764"
"Wally Rehg","OF","5","","","5","2","1","","","0","","","","","","","","",".875","0","1010787"
"Merv Rettenmund","OF","135","102","916.2","201","4","0","","","1","","","","","","","","","1.000","0","1010846"
"George Rettger","OF","1","","","0","0","0","","","0","","","","","","","","",".000","0","1010847"
"Billy Rhines","OF","1","","","1","0","0","","","0","","","","","","","","","1.000","0","1010880"
"Bill Rodgers","OF","1","","","0","0","0","","","0","","","","","","","","",".000","0","1011096"
"Rolando Roomes","OF","130","91","829.1","238","5","4","","","0","","","","","","","","",".984","0","1011185"
"Frank Roth","OF","1","","","0","0","0","","","0","","","","","","","","",".000","0","1011242"
"Chico Ruiz","OF","15","0","27.0","4","0","0","","","0","","","","","","","","","1.000","0","1011298"
"Connie Ryan","OF","1","","","1","0","0","","","0","","","","","","","","","1.000","0","1011335"
"Richie Scheinblum","OF","19","15","109.0","21","2","1","","","1","","","","","","","","",".958","0","1011541"
"Admiral Schlei","OF","2","","","2","0","1","","","0","","","","","","","","",".667","0","1011566"
"Frank Secory","OF","2","","","6","0","1","","","0","","","","","","","","",".857","0","1011712"
"Billy Serad","OF","1","","","0","0","0","","","0","","","","","","","","",".000","0","1011751"
"Socks Seybold","OF","22","","","40","4","4","","","0","","","","","","","","",".917","0","1011775"
"Wally Shaner","OF","2","","","6","0","0","","","0","","","","","","","","","1.000","0","1011789"
"Jimmy Sheckard","OF","38","","","58","4","2","","","0","","","","","","","","",".969","0","1011843"
"Johnny Siegle","OF","37","","","69","2","3","","","1","","","","","","","","",".960","0","1011955"
"Al Silvera","OF","1","","","0","0","0","","","0","","","","","","","","",".000","0","1011970"
"Al Simmons","OF","5","","","14","1","1","","","0","","","","","","","","",".938","0","1011978"
"Dick Sipek","OF","31","","","68","2","2","","","0","","","","","","","","",".972","0","1012013"
"Dick Sisler","OF","7","","","11","0","0","","","0","","","","","","","","","1.000","0","1012020"
"Gordon Slade","OF","8","","","13","0","0","","","0","","","","","","","","","1.000","0","1012047"
"Elmer Smith","OF","80","","","139","8","5","","","5","","","","","","","","",".967","0","1012135"
"Harry Smith","OF","1","","","1","0","0","","","0","","","","","","","","","1.000","0","1012153"
"Paul Smith","OF","10","","","13","1","0","","","0","","","","","","","","","1.000","0","1012187"
"Pop Snyder","OF","3","","","5","1","2","","","0","","","","","","","","",".750","0","1012254"
"Larry Stahl","OF","30","15","157.2","30","3","0","","","2","","","","","","","","","1.000","0","1012383"
"Harry Steinfeldt","OF","35","","","70","6","9","","","1","","","","","","","","",".894","0","1012466"
"Jake Stenzel","OF","7","","","14","0","0","","","0","","","","","","","","","1.000","0","1012485"
"Jimmy Stewart","OF","135","31","470.2","86","4","2","","","0","","","","","","","","",".978","0","1012522"
"Archie Stimmel","OF","2","","","4","0","0","","","0","","","","","","","","","1.000","0","1012540"
"Jack Sutthoff","OF","1","","","2","0","0","","","0","","","","","","","","","1.000","0","1012744"
"Lou Sylvester","OF","17","","","26","4","3","","","2","","","","","","","","",".909","0","1012799"
"Johnny Temple","OF","1","0","1.0","0","0","0","","","0","","","","","","","","",".000","0","1012910"
"Henry Thielman","OF","3","","","5","0","2","","","0","","","","","","","","",".714","0","1012954"
"Tug Thompson","OF","1","","","0","0","1","","","0","","","","","","","","",".000","0","1013030"
"Ozzie Timmons","OF","1","1","9.0","0","0","1","","","0","","","","","","","","",".000","0","1013072"
"George Ulrich","OF","1","","","1","0","0","","","0","","","","","","","","","1.000","0","1013274"
"Farmer Vaughn","OF","43","","","75","8","16","","","2","","","","","","","","",".838","0","1013381"
"Lee Viau","OF","2","","","0","0","0","","","0","","","","","","","","",".000","0","1013420"
"Harry Walker","OF","77","","","177","7","7","","","1","","","","","","","","",".963","0","1013521"
"Bucky Walters","OF","1","","","0","0","0","","","0","","","","","","","","",".000","0","1013583"
"Mother Watson","OF","1","","","0","0","0","","","0","","","","","","","","",".000","0","1013681"
"Podge Weihe","OF","1","","","4","0","0","","","0","","","","","","","","","1.000","0","1013733"
"Dick West","OF","11","","","20","0","0","","","0","","","","","","","","","1.000","0","1013800"
"Will White","OF","2","","","0","0","0","","","0","","","","","","","","",".000","0","1013897"
"Dallas Williams","OF","12","7","67.1","17","0","0","","","0","","","","","","","","","1.000","0","1013986"
"Denny Williams","OF","1","","","1","0","0","","","0","","","","","","","","","1.000","0","1013988"
"Ken Williams","OF","72","","","136","13","8","","","5","","","","","","","","",".949","0","1014012"
"Ivey Wingo","OF","7","","","8","0","3","","","0","","","","","","","","",".727","0","1014133"
"Harry Wolter","OF","4","","","6","0","0","","","0","","","","","","","","","1.000","0","1014200"
"Bob Wood","OF","4","","","6","2","0","","","0","","","","","","","","","1.000","0","1014211"
"George Wood","OF","30","","","39","5","7","","","1","","","","","","","","",".863","0","1014217"
"Harry Wood","OF","2","","","0","0","0","","","0","","","","","","","","",".000","0","1014218"
"Jake Wood","OF","2","2","17.0","3","0","0","","","0","","","","","","","","","1.000","0","1014220"
"Sam Woodruff","OF","1","","","1","0","0","","","0","","","","","","","","","1.000","0","1014233"
"Earl Yingling","OF","13","","","16","1","3","","","1","","","","","","","","",".850","0","1014346"
"Babe Young","OF","1","","","2","0","0","","","0","","","","","","","","","1.000","0","1014363"
"Del Young","OF","2","","","2","1","0","","","0","","","","","","","","","1.000","0","1014371"
"Paul Konerko","OF","7","4","36.0","8","0","0","","","0","","","","","","","","","1.000","-1","242"
"Dmitri Young","OF","402","367","2999.0","632","19","25","","","2","","","","","","","","",".963","-1","505"
"Cal Abrams","OF","46","","","87","1","0","","","1","","","","","","","","","1.000","-1","1000025"
"Harry Anderson","OF","4","3","25.0","4","0","0","","","0","","","","","","","","","1.000","-1","1000230"
"Johnny Bates","OF","377","","","792","59","43","","","15","","","","","","","","",".952","-1","1000662"
"Harry Bay","OF","43","","","84","4","6","","","3","","","","","","","","",".936","-1","1000698"
"Frank Berkelbach","OF","6","","","6","0","3","","","0","","","","","","","","",".667","-1","1000882"
"Jim Bolger","OF","4","","","0","0","0","","","0","","","","","","","","",".000","-1","1001144"
"Jim Clinton","OF","105","","","215","14","32","","","4","","","","","","","","",".877","-1","1002357"
"Darnell Coles","OF","5","3","20.2","7","0","0","","","0","","","","","","","","","1.000","-1","1002436"
"Tim Costo","OF","27","26","209.2","49","1","1","","","0","","","","","","","","",".980","-1","1002655"
"Sam Crane","OF","4","","","0","0","0","","","0","","","","","","","","",".000","-1","1002734"
"Manuel Cueto","OF","82","","","149","11","6","","","3","","","","","","","","",".964","-1","1002855"
"Ervin Curtis","OF","27","","","50","6","9","","","1","","","","","","","","",".862","-1","1002900"
"Billy Earle","OF","26","","","38","7","13","","","2","","","","","","","","",".776","-1","1003627"
"Hank Edwards","OF","85","","","144","2","2","","","0","","","","","","","","",".987","-1","1003687"
"Terry Francona","OF","8","1","21.2","3","0","0","","","0","","","","","","","","","1.000","-1","1004292"
"Lonny Frey","OF","28","","","41","4","2","","","0","","","","","","","","",".957","-1","1004343"
"Joe Gaines","OF","20","5","77.2","16","0","1","","","0","","","","","","","","",".941","-1","1004434"
"Augie Galan","OF","136","","","275","2","4","","","0","","","","","","","","",".986","-1","1004440"
"Leo Garcia","OF","23","7","101.1","31","0","0","","","0","","","","","","","","","1.000","-1","1004503"
"Steve Gibralter","OF","4","0","9.0","1","0","1","","","0","","","","","","","","",".500","-1","1004661"
"Jim Gleeson","OF","89","","","160","2","4","","","0","","","","","","","","",".976","-1","1004773"
"Bill Hinchman","OF","28","","","41","4","3","","","3","","","","","","","","",".938","-1","1005839"
"Clint Hurdle","OF","18","9","86.0","16","2","1","","","0","","","","","","","","",".947","-1","1006216"
"John Kane","OF","169","","","379","21","10","","","2","","","","","","","","",".976","-1","1006691"
"Jim Keenan","OF","8","","","6","1","1","","","1","","","","","","","","",".875","-1","1006749"
"Art Kruger","OF","96","","","199","11","6","","","3","","","","","","","","",".972","-1","1007180"
"Rafael Landestoy","OF","4","0","6.0","2","0","1","","","0","","","","","","","","",".667","-1","1007292"
"Hans Lobert","OF","22","","","38","2","3","","","0","","","","","","","","",".930","-1","1007684"
"Gene Locklear","OF","5","2","25.0","3","0","0","","","0","","","","","","","","","1.000","-1","1007692"
"Swat McCabe","OF","12","","","19","2","3","","","1","","","","","","","","",".875","-1","1008351"
"Barney McCosky","OF","11","","","17","0","0","","","0","","","","","","","","","1.000","-1","1008422"
"Bid McPhee","OF","4","","","3","0","2","","","0","","","","","","","","",".600","-1","1008675"
"Karl Meister","OF","4","","","2","0","1","","","0","","","","","","","","",".667","-1","1008737"
"Dutch Mele","OF","5","","","1","0","0","","","0","","","","","","","","","1.000","-1","1008743"
"Randy Milligan","OF","9","8","56.0","10","1","2","","","0","","","","","","","","",".846","-1","1008946"
"Keith Mitchell","OF","5","3","28.0","7","0","1","","","0","","","","","","","","",".875","-1","1009005"
"Johnny Moore","OF","142","","","352","12","9","","","4","","","","","","","","",".976","-1","1009116"
"Danny Morejon","OF","11","10","70.2","14","0","0","","","0","","","","","","","","","1.000","-1","1009159"
"Melvin Nieves","OF","25","18","161.0","31","1","0","","","0","","","","","","","","","1.000","-1","1009595"
"Tom Parrott","OF","23","","","47","6","7","","","1","","","","","","","","",".883","-1","1010025"
"Eddie Pick","OF","5","","","3","0","0","","","0","","","","","","","","","1.000","-1","1010312"
"Jimmy Ripple","OF","55","","","81","1","0","","","1","","","","","","","","","1.000","-1","1010983"
"Claude Ritchey","OF","22","","","32","6","5","","","1","","","","","","","","",".884","-1","1010987"
"Ron Roenicke","OF","15","8","89.2","18","0","0","","","0","","","","","","","","","1.000","-1","1011121"
"Wade Rowdon","OF","6","4","25.0","2","0","0","","","0","","","","","","","","","1.000","-1","1011251"
"Les Scarsella","OF","14","","","18","1","1","","","0","","","","","","","","",".950","-1","1011500"
"Joe Schultz","OF","15","","","17","2","1","","","0","","","","","","","","",".950","-1","1011639"
"Hank Severeid","OF","7","","","8","0","1","","","0","","","","","","","","",".889","-1","1011761"
"Gus Shallix","OF","3","","","0","0","0","","","0","","","","","","","","",".000","-1","1011785"
"Jimmy Smith","OF","4","","","1","0","1","","","0","","","","","","","","",".500","-1","1012162"
"Jud Smith","OF","9","","","11","1","4","","","0","","","","","","","","",".750","-1","1012168"
"Harry Spilman","OF","2","1","8.1","0","0","0","","","0","","","","","","","","",".000","-1","1012343"
"Champ Summers","OF","42","31","278.0","56","2","2","","","0","","","","","","","","",".967","-1","1012718"
"Evar Swanson","OF","213","","","495","14","17","","","3","","","","","","","","",".968","-1","1012760"
"Joe Szekely","OF","3","","","4","2","0","","","1","","","","","","","","","1.000","-1","1012800"
"Eddie Taubensee","OF","11","7","54.1","8","1","0","","","0","","","","","","","","","1.000","-1","1012845"
"Duane Walker","OF","217","165","1483.1","341","14","14","","","1","","","","","","","","",".962","-1","1013513"
"Hub Walker","OF","131","","","293","9","6","","","5","","","","","","","","",".981","-1","1013522"
"Max West","OF","58","","","112","6","6","","","3","","","","","","","","",".952","-1","1013809"
"Jimmy Woulfe","OF","7","","","10","0","6","","","0","","","","","","","","",".625","-1","1014267"
"Donnie Sadler","OF","10","3","40.2","5","1","1","","","0","","","","","","","","",".857","-2","627"
"Chad Mottola","OF","31","23","194.2","42","2","0","","","0","","","","","","","","","1.000","-2","1315"
"Brady Clark","OF","75","24","303.0","73","0","2","0","1","0","0","0","0","","","","","",".973","-2","1398"
"Bob Bailey","OF","36","33","208.0","40","2","1","","","1","","","","","","","","",".977","-2","1000420"
"Dante Bichette","OF","121","119","987.0","236","11","8","","","3","","","","","","","","",".969","-2","1000946"
"Frenchy Bordagaray","OF","43","","","60","1","0","","","1","","","","","","","","","1.000","-2","1001197"
"Adam Comorosky","OF","162","","","364","8","13","","","1","","","","","","","","",".966","-2","1002486"
"Nick Cullop","OF","88","","","184","7","6","","","3","","","","","","","","",".970","-2","1002865"
"Charlie Duffee","OF","4","","","2","0","3","","","0","","","","","","","","",".400","-2","1003526"
"Frank Dwyer","OF","17","","","11","0","1","","","0","","","","","","","","",".917","-2","1003607"
"Del Ennis","OF","3","3","23.0","4","0","0","","","0","","","","","","","","","1.000","-2","1003786"
"Joe Frazier","OF","4","2","17.0","0","0","0","","","0","","","","","","","","",".000","-2","1004309"
"Lee Gamble","OF","77","","","128","6","1","","","0","","","","","","","","",".993","-2","1004472"
"Topsy Hartsel","OF","18","","","22","0","1","","","0","","","","","","","","",".957","-2","1005464"
"Ray Jablonski","OF","28","","","45","2","1","","","0","","","","","","","","",".979","-2","1006286"
"Roberto Kelly","OF","125","124","1057.1","315","5","2","","","2","","","","","","","","",".994","-2","1006815"
"Marty Keough","OF","191","106","1110.2","230","6","3","","","2","","","","","","","","",".987","-2","1006857"
"Fred Lewis","OF","76","","","126","11","18","","","1","","","","","","","","",".884","-2","1007580"
"Howard Lohr","OF","17","","","24","1","2","","","1","","","","","","","","",".926","-2","1007707"
"Billy Maloney","OF","18","","","24","4","5","","","0","","","","","","","","",".849","-2","1008034"
"Lloyd McClendon","OF","18","11","107.0","24","0","1","","","0","","","","","","","","",".960","-2","1008394"
"Jack Morrissey","OF","9","","","13","0","5","","","0","","","","","","","","",".722","-2","1009210"
"Tony Mullane","OF","91","","","127","13","12","","","2","","","","","","","","",".921","-2","1009291"
"Jon Nunnally","OF","154","103","900.1","247","8","8","","","1","","","","","","","","",".970","-2","1009660"
"Jack O'Connor","OF","41","","","70","10","17","","","1","","","","","","","","",".825","-2","1009713"
"Juan Samuel","OF","3","1","14.0","2","1","1","","","0","","","","","","","","",".750","-2","1011400"
"Wes Schulmerich","OF","56","","","121","1","3","","","1","","","","","","","","",".976","-2","1011646"
"Ivey Shiver","OF","15","","","26","0","0","","","0","","","","","","","","","1.000","-2","1011915"
"Chick Shorten","OF","15","","","13","1","0","","","0","","","","","","","","","1.000","-2","1011930"
"Bob Skinner","OF","63","58","508.1","96","4","2","","","1","","","","","","","","",".980","-2","1012037"
"Homer Smoot","OF","59","","","109","10","7","","","0","","","","","","","","",".944","-2","1012220"
"Bob Thurman","OF","151","94","814.2","246","8","8","","","3","","","","","","","","",".970","-2","1013050"
"Greg Tubbs","OF","27","14","135.1","38","2","1","","","0","","","","","","","","",".976","-2","1013209"
"George Twombly","OF","93","","","143","13","4","","","2","","","","","","","","",".975","-2","1013248"
"Fritz Von Kolnitz","OF","12","","","9","0","1","","","0","","","","","","","","",".900","-2","1013453"
"Piggy Ward","OF","40","","","54","8","13","","","4","","","","","","","","",".827","-2","1013622"
"Phil Weintraub","OF","47","","","78","3","2","","","1","","","","","","","","",".976","-2","1013741"
"Wally Westlake","OF","56","","","127","5","1","","","0","","","","","","","","",".993","-2","1013807"
"Eduardo Perez","OF","13","9","69.1","13","0","0","","","0","","","","","","","","","1.000","-3","1409"
"Todd Benzinger","OF","25","19","168.1","49","0","0","","","0","","","","","","","","","1.000","-3","1000859"
"Wally Berger","OF","193","","","350","13","12","","","2","","","","","","","","",".968","-3","1000875"
"Calvin Chapman","OF","31","","","46","3","2","","","1","","","","","","","","",".961","-3","1002142"
"Cuckoo Christensen","OF","143","","","276","12","9","","","5","","","","","","","","",".970","-3","1002211"
"John Dobbs","OF","163","","","335","22","17","","","6","","","","","","","","",".955","-3","1003340"
"Mike Donlin","OF","203","","","355","28","48","","","6","","","","","","","","",".889","-3","1003380"
"Andy Kosco","OF","40","31","263.2","54","1","0","","","0","","","","","","","","","1.000","-3","1007115"
"Danny Litwhiler","OF","201","","","368","9","7","","","2","","","","","","","","",".982","-3","1007670"
"Hal Morris","OF","12","8","59.1","9","0","1","","","0","","","","","","","","",".900","-3","1009209"
"Rebel Oakes","OF","113","","","218","15","5","","","3","","","","","","","","",".979","-3","1009672"
"Lee Richmond","OF","7","","","4","0","6","","","0","","","","","","","","",".400","-3","1010928"
"Jimmy Sebring","OF","112","","","151","17","9","","","5","","","","","","","","",".949","-3","1011710"
"Joe Stripp","OF","21","","","27","0","2","","","0","","","","","","","","",".931","-3","1012623"
"Maury Uhler","OF","36","","","40","1","3","","","0","","","","","","","","",".932","-3","1013267"
"Clyde Vollmer","OF","86","","","166","2","2","","","0","","","","","","","","",".988","-3","1013449"
"Ken Walters","OF","21","11","117.0","18","0","2","","","0","","","","","","","","",".900","-3","1013588"
"Lloyd Waner","OF","44","","","68","3","1","","","1","","","","","","","","",".986","-3","1013596"
"Larry Biittner","OF","35","31","224.2","48","5","1","","","3","","","","","","","","",".982","-4","1000962"
"Jacob Brumfield","OF","157","86","909.0","266","8","5","","","1","","","","","","","","",".982","-4","1001583"
"Dave Collins","OF","436","369","3029.1","814","17","17","","","6","","","","","","","","",".980","-4","1002449"
"Jack Daugherty","OF","16","7","73.0","11","0","1","","","0","","","","","","","","",".917","-4","1003009"
"Josh Devore","OF","57","","","106","9","10","","","3","","","","","","","","",".920","-4","1003254"
"Ken Henderson","OF","42","34","291.2","77","0","0","","","0","","","","","","","","","1.000","-4","1005634"
"Frank Jude","OF","80","","","95","14","4","","","1","","","","","","","","",".965","-4","1006642"
"Harry LaRoss","OF","20","","","15","2","6","","","0","","","","","","","","",".739","-4","1007356"
"Armando Marsans","OF","262","","","522","29","22","","","5","","","","","","","","",".962","-4","1008131"
"Bob Meusel","OF","112","","","223","8","9","","","3","","","","","","","","",".963","-4","1008817"
"Ron Northey","OF","24","","","21","0","1","","","0","","","","","","","","",".955","-4","1009643"
"Art Shamsky","OF","138","103","923.0","191","7","5","","","2","","","","","","","","",".975","-4","1011786"
"Frank Thomas","OF","33","18","183.1","36","0","4","","","0","","","","","","","","",".900","-4","1012976"
"Gary Varsho","OF","22","12","122.1","27","1","0","","","1","","","","","","","","","1.000","-4","1013373"
"Buck West","OF","33","","","46","1","10","","","0","","","","","","","","",".825","-4","1013798"
"Joel Youngblood","OF","54","27","255.1","43","2","2","","","2","","","","","","","","",".957","-4","1014383"
"Ron Gant","OF","117","117","930.1","187","7","3","","","0","","","","","","","","",".985","-5","1032"
"Dan Driessen","OF","53","50","352.1","67","2","2","","","0","","","","","","","","",".972","-5","1003501"
"Tony Gonzalez","OF","31","23","210.0","45","2","2","","","0","","","","","","","","",".959","-5","1004845"
"Mack Jones","OF","61","47","464.2","82","1","1","","","0","","","","","","","","",".988","-5","1006574"
"Tom Mansell","OF","65","","","88","3","30","","","0","","","","","","","","",".752","-5","1008079"
"Algie McBride","OF","322","","","634","37","38","","","10","","","","","","","","",".946","-5","1008339"
"Harlin Pool","OF","112","","","220","9","11","","","1","","","","","","","","",".954","-5","1010437"
"Edd Roush","OF","1360","","","3425","151","106","","","27","","","","","","","","",".971","-5","1011247"
"Deion Sanders","OF","209","199","1742.0","470","11","7","","","3","","","","","","","","",".986","-5","1011415"
"Floyd Robinson","OF","39","31","264.2","48","1","1","","","0","","","","","","","","",".980","-6","1011064"
"Eric Owens","OF","70","47","432.2","80","3","2","","","1","","","","","","","","",".977","-7","534"
"Johnny Bench","OF","112","96","798.1","145","3","8","","","0","","","","","","","","",".949","-7","1000826"
"Kal Daniels","OF","317","311","2656.1","590","19","14","","","3","","","","","","","","",".978","-7","1002973"
"Billy Zitzmann","OF","281","","","527","11","24","","","2","","","","","","","","",".957","-7","1014456"
"Chick Hafey","OF","428","","","1034","33","30","","","6","","","","","","","","",".973","-8","1005191"
"Dick Harley","OF","138","","","251","20","30","","","2","","","","","","","","",".900","-9","1005367"
"Deron Johnson","OF","116","115","849.2","145","3","3","","","1","","","","","","","","",".980","-9","1006444"
"Joe Kelley","OF","300","","","477","36","19","","","6","","","","","","","","",".964","-9","1006776"
"Lefty Marr","OF","144","","","158","19","29","","","5","","","","","","","","",".859","-9","1008129"
"Dick Simpson","OF","91","28","372.2","70","2","4","","","0","","","","","","","","",".947","-9","1011993"
"Bob Borkowski","OF","217","","","397","11","4","","","1","","","","","","","","",".990","-10","1001204"
"Cozy Dolan","OF","204","","","273","24","23","","","2","","","","","","","","",".928","-10","1003360"
"Thomas Howard","OF","313","197","1866.0","444","14","9","","","4","","","","","","","","",".981","-10","1006090"
"Kevin Mitchell","OF","208","206","1586.1","326","16","12","","","4","","","","","","","","",".966","-10","1009004"
"Eric Anthony","OF","62","55","447.0","75","4","2","","","0","","","","","","","","",".975","-11","1000273"
"Frank Baumholtz","OF","280","","","551","30","12","","","4","","","","","","","","",".980","-11","1000691"
"Bug Holliday","OF","891","","","1690","125","127","","","31","","","","","","","","",".935","-11","1005957"
"Cesar Cedeno","OF","345","312","2709.1","679","20","8","","","3","","","","","","","","",".989","-12","1002100"
"Tommy Griffith","OF","533","","","829","76","33","","","12","","","","","","","","",".965","-12","1005053"
"Billy Hatcher","OF","304","244","2184.2","587","14","7","","","2","","","","","","","","",".989","-12","1005486"
"Johnny Wyrostek","OF","556","","","1187","40","30","","","4","","","","","","","","",".976","-12","1014314"
"Kiki Cuyler","OF","303","","","619","22","16","","","6","","","","","","","","",".976","-14","1002914"
"Gary Redus","OF","358","291","2635.2","607","23","17","","","3","","","","","","","","",".974","-15","1010758"
"Bob Usher","OF","279","","","526","25","11","","","8","","","","","","","","",".980","-16","1013303"
"Jerry Lynch","OF","381","342","2801.0","552","20","19","","","7","","","","","","","","",".968","-28","1007865"
"Dave Parker","OF","611","606","5316.1","1176","38","37","","","7","","","","","","","","",".970","-28","1010000"
"Ken Griffey","OF","1062","1007","8758.1","1986","64","38","","","15","","","","","","","","",".982","-35","1005044"
"Eric Davis","OF","991","871","7668.1","2168","43","31","","","11","","","","","","","","",".986","-40","1003048"
"Gus Bell","OF","1200","683","6172.2","2710","81","37","","","16","","","","","","","","",".987","-56","1000809"
"Jose Guillen","OF","116","97","872.1","211","12","9","8","1","0","1","0","0","","","","","",".961","","57"
"Darren Bragg","OF","27","18","189.0","61","2","1","1","0","0","0","0","0","","","","","",".984","","83"
"Jeff Conine","OF","1","0","4.0","1","0","0","0","0","0","0","0","0","","","","","","1.000","","131"
"Jerry Hairston","OF","70","37","338.0","89","1","1","1","0","0","0","0","0","","","","","",".989","","144"
"Dernell Stenson","OF","25","20","173.0","44","2","1","0","1","0","0","0","0","","","","","",".979","","215"
"Willie Harris","OF","1","1","9.0","1","0","0","0","0","0","0","0","0","","","","","","1.000","","236"
"Corey Patterson","OF","124","82","798.0","242","3","3","2","1","0","1","0","0","","","","","",".988","","300"
"Juan Encarnacion","OF","89","80","695.2","209","5","5","4","1","0","4","0","0","","","","","",".977","","320"
"Austin Kearns","OF","459","422","3708.2","984","27","14","7","7","0","9","0","0","","","","","",".986","","332"
"Brandon Larson","OF","12","10","82.0","22","1","0","0","0","0","0","0","0","","","","","","1.000","","336"
"Ruben Mateo","OF","82","68","583.2","138","3","2","2","0","0","1","0","0","","","","","",".986","","340"
"Wily Mo Pena","OF","235","206","1758.1","462","8","13","12","0","0","2","0","0","","","","","",".973","","344"
"Reggie Taylor","OF","173","86","944.0","276","4","6","6","0","0","1","0","0","","","","","",".979","","358"
"Russell Branyan","OF","41","34","291.1","66","3","2","0","2","0","0","0","0","","","","","",".972","","370"
"Jolbert Cabrera","OF","20","17","141.0","22","2","1","1","0","0","0","0","0","","","","","",".960","","373"
"Todd Hollandsworth","OF","20","13","126.1","23","1","0","0","0","0","0","0","0","","","","","","1.000","","433"
"Jacob Cruz","OF","50","29","269.1","48","2","0","0","0","0","1","0","0","","","","","","1.000","","463"
"Todd Frazier","OF","14","10","80.1","15","1","0","0","0","0","0","0","0","","","","","","1.000","","785"
"John Vander Wal","OF","7","7","43.0","12","1","0","0","0","0","0","0","0","","","","","","1.000","","853"
"Brennan Boesch","OF","24","15","144.1","36","0","0","0","0","0","0","0","0","","","","","","1.000","","914"
"Marlon Byrd","OF","96","91","809.2","173","2","0","0","0","0","0","0","0","","","","","","1.000","","950"
"Willie Bloomquist","OF","8","3","35.1","6","0","0","0","0","0","0","0","0","","","","","","1.000","","1066"
"Kenny Kelly","OF","4","1","13.1","4","0","0","0","0","0","0","0","0","","","","","","1.000","","1084"
"Jim Edmonds","OF","7","5","38.0","8","0","0","0","0","0","0","0","0","","","","","","1.000","","1153"
"Ryan Freel","OF","391","280","2606.0","781","33","10","6","4","0","4","0","0","","","","","",".988","","1207"
"Ryan Ludwick","OF","232","230","1931.1","365","1","1","0","1","0","0","0","0","","","","","",".997","","1260"
"Jason Romano","OF","25","11","113.0","24","2","1","0","1","0","0","0","0","","","","","",".963","","1278"
"Quinton McCracken","OF","15","5","64.0","21","0","1","1","0","0","0","0","0","","","","","",".955","","1377"
"Miguel Cairo","OF","1","1","7.0","1","0","0","0","0","0","0","0","0","","","","","","1.000","","1412"
"Ramon Santiago","OF","1","0","1.1","0","0","0","0","0","0","0","0","0","","","","","",".000","","1417"
"DeWayne Wise","OF","22","6","92.1","24","1","1","1","0","0","0","0","0","","","","","",".962","","1554"
"Eric Valent","OF","8","8","71.0","20","1","0","0","0","0","0","0","0","","","","","","1.000","","1629"
"Jermaine Clark","OF","8","4","42.0","10","1","0","0","0","0","0","0","0","","","","","","1.000","","1664"
"Jason Ellison","OF","26","12","123.0","44","1","0","0","0","0","0","0","0","","","","","","1.000","","1704"
"Ray Olmedo","OF","1","0","1.0","0","0","0","0","0","0","0","0","0","","","","","",".000","","1718"
"Stephen Smitherman","OF","14","9","93.1","17","0","0","0","0","0","0","0","0","","","","","","1.000","","1758"
"Cody Ross","OF","1","1","9.0","1","0","0","0","0","0","0","0","0","","","","","","1.000","","1760"
"Laynce Nix","OF","146","101","961.1","202","5","2","2","0","0","4","0","0","","","","","",".990","","1766"
"Mark Budzinski","OF","1","1","8.0","3","0","0","0","0","0","0","0","0","","","","","","1.000","","1789"
"Jonny Gomes","OF","254","243","1968.0","381","12","6","3","3","0","2","0","0","","","","","",".985","","1845"
"Wilson Valdez","OF","5","4","35.0","6","0","0","0","0","0","0","0","0","","","","","","1.000","","1863"
"Darnell McDonald","OF","38","22","219.2","61","2","2","2","0","0","1","0","0","","","","","",".969","","1867"
"Josh Hamilton","OF","90","75","663.2","200","7","4","3","1","0","2","0","0","","","","","",".981","","1875"
"Willy Taveras","OF","98","95","839.0","266","7","4","2","2","0","2","0","0","","","","","",".986","","1876"
"Jason Bourgeois","OF","70","47","435.0","97","3","3","2","1","0","0","0","0","","","","","",".971","","2225"
"Norris Hopper","OF","137","82","795.1","247","7","1","0","1","0","2","0","0","","","","","",".996","","2450"
"Yonder Alonso","OF","16","14","112.2","22","1","1","1","0","0","0","0","0","","","","","",".958","","2530"
"Derrick Robinson","OF","77","37","395.1","101","0","0","0","0","0","0","0","0","","","","","","1.000","","2784"
"Buck Coats","OF","12","5","68.2","18","2","1","1","0","0","0","0","0","","","","","",".952","","2945"
"Wladimir Balentien","OF","36","28","265.2","67","1","1","1","0","0","0","0","0","","","","","",".986","","3131"
"Shin-Soo Choo","OF","153","153","1361.0","353","9","4","3","1","0","0","0","0","","","","","",".989","","3174"
"Skip Schumaker","OF","100","81","730.1","136","6","5","5","0","0","2","0","0","","","","","",".966","","3704"
"Jeff Keppinger","OF","2","2","18.1","6","1","0","0","0","0","0","0","0","","","","","","1.000","","3856"
"Chris Heisey","OF","474","275","2747.2","653","9","8","6","2","0","1","0","0","","","","","",".988","","3978"
"Hernan Iribarren","OF","8","6","56.2","13","0","0","0","0","0","0","0","0","","","","","","1.000","","4177"
"Joey Votto","OF","6","6","51.0","14","0","1","1","0","0","0","0","0","","","","","",".933","","4314"
"Chris Denorfia","OF","52","32","299.1","83","2","1","0","1","0","1","0","0","","","","","",".988","","4400"
"Fred Lewis","OF","49","44","337.0","81","3","1","1","0","0","2","0","1","","","","","",".988","","4693"
"Wilkin Castillo","OF","5","5","38.0","6","0","0","0","0","0","0","0","0","","","","","","1.000","","5124"
"Kristopher Negron","OF","19","6","74.0","20","0","1","0","1","0","0","0","0","","","","","",".952","","5306"
"Xavier Paul","OF","77","62","503.2","84","5","2","2","0","0","0","0","0","","","","","",".978","","5963"
"Roger Bernadina","OF","30","11","118.0","23","0","0","0","0","0","0","0","0","","","","","","1.000","","6421"
"Dave Sappelt","OF","35","22","214.2","51","2","0","0","0","0","1","0","0","","","","","","1.000","","6898"
"Denis Phipps","OF","2","2","18.0","4","0","0","0","0","0","0","0","0","","","","","","1.000","","6968"
"Chris Dickerson","OF","134","94","849.2","214","5","3","2","1","0","3","0","0","","","","","",".987","","7095"
"Jeremy Hermida","OF","4","3","30.0","5","0","0","0","0","0","0","0","0","","","","","","1.000","","7208"
"Drew Sutton","OF","6","4","39.0","11","0","0","0","0","0","0","0","0","","","","","","1.000","","7430"
"Drew Stubbs","OF","481","443","4034.2","1129","24","13","12","1","0","5","0","0","","","","","",".989","","9328"
"Chris Dominguez","OF","3","3","25.0","5","0","0","0","0","0","0","0","0","","","","","","1.000","","9718"
"Ivan De Jesus","OF","19","14","124.2","30","0","2","2","0","0","0","0","0","","","","","",".938","","9886"
"Jay Bruce","OF","1214","1158","10373.0","2416","85","42","35","7","0","17","0","0","","","","","",".984","","9892"
"Yorman Rodriguez","OF","8","7","60.0","12","0","0","0","0","0","0","0","0","","","","","","1.000","","9922"
"Donald Lutz","OF","24","12","127.2","38","1","0","0","0","0","1","0","0","","","","","","1.000","","10154"
"Billy Hamilton","OF","513","491","4337.2","1208","40","8","4","4","0","12","0","0","","","","","",".994","","10199"
"Tucker Barnhart","OF","1","0","1.0","0","0","0","0","0","0","0","0","0","","","","","",".000","","10200"
"Scooter Gennett","OF","15","10","96.1","24","0","0","0","0","0","0","0","0","","","","","","1.000","","10339"
"Ryan LaMarre","OF","16","5","61.0","16","1","1","0","1","0","0","0","0","","","","","",".944","","10700"
"Arismendy Alcantara","OF","17","4","65.2","23","1","0","0","0","0","0","0","0","","","","","","1.000","","10711"
"Adam Duvall","OF","309","303","2614.1","566","23","14","8","6","0","1","0","0","","","","","",".977","","10950"
"Tyler Holt","OF","79","36","408.2","107","1","1","1","0","0","0","0","0","","","","","",".991","","11391"
"Kyle Waldrop","OF","4","2","17.1","4","0","0","0","0","0","0","0","0","","","","","","1.000","","11402"
"Scott Schebler","OF","207","193","1659.0","361","12","8","7","1","0","2","0","0","","","","","",".979","","12225"
"Steve Selsky","OF","16","9","93.0","29","1","0","0","0","0","0","0","0","","","","","","1.000","","12957"
"Tony Renda","OF","8","7","52.0","15","0","0","0","0","0","0","0","0","","","","","","1.000","","13443"
"Jesse Winker","OF","27","26","219.1","41","2","1","1","0","0","0","0","0","","","","","",".977","","13590"
"Jose Peraza","OF","23","21","184.0","40","0","0","0","0","0","0","0","0","","","","","","1.000","","13593"
"Patrick Kivlehan","OF","46","24","232.2","44","2","2","2","0","0","1","0","0","","","","","",".958","","13910"
"Phillip Ervin","OF","19","11","109.0","36","0","2","1","1","0","0","0","0","","","","","",".947","","14738"
"Pete Appleton","OF","1","","","0","0","0","","","0","","","","","","","","",".000","","1000283"
"Wayne Granger","OF","1","0","0.1","0","0","0","","","0","","","","","","","","",".000","","1004945"
"George Lerchen","OF","1","","","1","0","0","","","0","","","","","","","","","1.000","","1007550"
"Dolf Luque","OF","1","","","0","0","0","","","0","","","","","","","","",".000","","1007843"
"Bill Whitrock","OF","7","","","16","0","1","","","0","","","","","","","","",".941","","1013910"
